Order,Family,species,scs,haploid
Coleoptera,Chrysomelidae,Acalymma_blandulum,XO,10
Coleoptera,Chrysomelidae,Acalymma_fairmairei,XO,14
Coleoptera,Chrysomelidae,Acalymma_gouldi,XO,10
Coleoptera,Chrysomelidae,Acalymma_innuba,XO,10
Coleoptera,Chrysomelidae,Acalymma_pallipe,XO,11
Coleoptera,Chrysomelidae,Acalymma_quadrivittatum,XO,11
Coleoptera,Chrysomelidae,Acalymma_s._sp._Near_trivittatum,XXY,20
Coleoptera,Chrysomelidae,Acalymma_sp._1,XO,12
Coleoptera,Chrysomelidae,Acalymma_thiemei,XO,11
Coleoptera,Chrysomelidae,Acalymma_trivittatum,XO,11
Coleoptera,Chrysomelidae,Acalymma_vittatum,XO,11
Coleoptera,Chrysomelidae,Aedmon_eugeniae,XO,20
Coleoptera,Chrysomelidae,Agathomerus_sellatus,Xyp,10
Coleoptera,Chrysomelidae,Agathomerus_subfasciatus,Xyp,10
Coleoptera,Chrysomelidae,Agathomerus_testaceus,Xyp,10
Coleoptera,Chrysomelidae,Agelastica_coerulea,Xyr,12
Coleoptera,Chrysomelidae,Agroiconota_inedita,Xyp,20
Coleoptera,Chrysomelidae,Agroiconota_inedita,Xyp,21
Coleoptera,Chrysomelidae,Agroiconota_propinqua,Xyp,19
Coleoptera,Chrysomelidae,Alagoasa_acutangula,Xy,11
Coleoptera,Chrysomelidae,Alagoasa_apicata,Xy,11
Coleoptera,Chrysomelidae,Alagoasa_arcifera,Xy,8
Coleoptera,Chrysomelidae,Alagoasa_bipunctata,Xy,11
Coleoptera,Chrysomelidae,Alagoasa_burmeisteri,Xy,11
Coleoptera,Chrysomelidae,Alagoasa_burmeisteri_gounellei,Xy,11
Coleoptera,Chrysomelidae,Alagoasa_burmeisteri_maculatissima,Xy,11
Coleoptera,Chrysomelidae,Alagoasa_ceracollis,Xy,11
Coleoptera,Chrysomelidae,Alagoasa_decemguttata,Xy,11
Coleoptera,Chrysomelidae,Alagoasa_dipus,Xy,11
Coleoptera,Chrysomelidae,Alagoasa_dissepta_cyaneofasciata,Xy,11
Coleoptera,Chrysomelidae,Alagoasa_equestris,Xy,6
Coleoptera,Chrysomelidae,Alagoasa_extrema,Xy,11
Coleoptera,Chrysomelidae,Alagoasa_fasciaticollis,Xy,11
Coleoptera,Chrysomelidae,Alagoasa_fasciaticollis,Xy,11
Coleoptera,Chrysomelidae,Alagoasa_illustris,Xy,11
Coleoptera,Chrysomelidae,Alagoasa_januaria,Xy,11
Coleoptera,Chrysomelidae,Alagoasa_jufi,Xy,11
Coleoptera,Chrysomelidae,Alagoasa_libenti,Xy,11
Coleoptera,Chrysomelidae,Alagoasa_libenti_tetraspilota,Xy,11
Coleoptera,Chrysomelidae,Alagoasa_mella_commutata,Xy,11
Coleoptera,Chrysomelidae,Alagoasa_posticalis,Xy,11
Coleoptera,Chrysomelidae,Alagoasa_rotundicollis,Xy,11
Coleoptera,Chrysomelidae,Alagoasa_sp._1,Xy,11
Coleoptera,Chrysomelidae,Alagoasa_sp._2,Xy,11
Coleoptera,Chrysomelidae,Alagoasa_trifasciata,Xy,11
Coleoptera,Chrysomelidae,Alagoasa_trifasciata_vulgatissima,Xy,11
Coleoptera,Chrysomelidae,Altica_aenea_brasiliensis,Xy,12
Coleoptera,Chrysomelidae,Altica_ambiens,Xy,12
Coleoptera,Chrysomelidae,Altica_ambiens_alni,Xy,12
Coleoptera,Chrysomelidae,Altica_amethysti,Xy,12
Coleoptera,Chrysomelidae,Altica_ampelophaga,Xy,12
Coleoptera,Chrysomelidae,Altica_brevicollis,Xy,12
Coleoptera,Chrysomelidae,Altica_carduorum,Xy,12
Coleoptera,Chrysomelidae,Altica_carita,Xy,12
Coleoptera,Chrysomelidae,Altica_chalybea,Xy,11
Coleoptera,Chrysomelidae,Altica_coerulea,Xyy,11
Coleoptera,Chrysomelidae,Altica_coerulea,Xy,12
Coleoptera,Chrysomelidae,Altica_coerulescens,Xy,12
Coleoptera,Chrysomelidae,Altica_corni,Xy,12
Coleoptera,Chrysomelidae,Altica_lythri,Xy,12
Coleoptera,Chrysomelidae,Altica_oleeracea,Xy,12
Coleoptera,Chrysomelidae,Altica_populi,Xy,12
Coleoptera,Chrysomelidae,Altica_rosae,Xy,12
Coleoptera,Chrysomelidae,Altica_sp._1,Xyp,11
Coleoptera,Chrysomelidae,Altica_sp._2,Xy,12
Coleoptera,Chrysomelidae,Altica_sp._3,Xy,12
Coleoptera,Chrysomelidae,Altica_sp._3,XXyy,13
Coleoptera,Chrysomelidae,Altica_subplicata,Xy,12
Coleoptera,Chrysomelidae,Altica_tamaricis,Xy,12
Coleoptera,Chrysomelidae,Altica_tincta?,Xy,12
Coleoptera,Chrysomelidae,Altica_ulmi,Xy,12
Coleoptera,Chrysomelidae,Ambrostoma_superbum,Xyp,20
Coleoptera,Chrysomelidae,Amphelsasma_cavum,XO,9
Coleoptera,Chrysomelidae,Amphelsasma_cavum_n._sp.,XO,10
Coleoptera,Chrysomelidae,Amphelsasma_cavum_vicinum,XO,9
Coleoptera,Chrysomelidae,Anisodera_excavata,NeoXY,9
Coleoptera,Chrysomelidae,Aphthona_cyparissiae,XY,16
Coleoptera,Chrysomelidae,Aphthona_depressa,XY,14
Coleoptera,Chrysomelidae,Aphthona_depressa,XY,14
Coleoptera,Chrysomelidae,Aphthona_flaviceps,XY,13
Coleoptera,Chrysomelidae,Aphthona_herbigrada,XY,14
Coleoptera,Chrysomelidae,Aphthona_herbigrada,XY,15
Coleoptera,Chrysomelidae,Aphthona_illigeri,XY,14
Coleoptera,Chrysomelidae,Aphthona_lamprocyanea,Xy,12
Coleoptera,Chrysomelidae,Aphthona_lutescens,XY,12
Coleoptera,Chrysomelidae,Aphthona_nigriceps,XY,16
Coleoptera,Chrysomelidae,Aphthona_venustula,XY,14
Coleoptera,Chrysomelidae,Aphthona_venustula,XY,14
Coleoptera,Chrysomelidae,Apophylia_sericea,Xyp,15
Coleoptera,Chrysomelidae,Apraea_portoricensis,XY,5
Coleoptera,Chrysomelidae,Apraea_portoricensis,XY,6
Coleoptera,Chrysomelidae,Araucanomela_wellingtonensis,Xyp,14
Coleoptera,Chrysomelidae,Argopus_punctipennis,XY,25
Coleoptera,Chrysomelidae,Arrhenocoela_lineata,XY,13
Coleoptera,Chrysomelidae,Asiorestia_impressa,XY,19
Coleoptera,Chrysomelidae,Asphaera_abdomilis,Xy,11
Coleoptera,Chrysomelidae,Asphaera_abendrothi,XXXXY,14
Coleoptera,Chrysomelidae,Asphaera_daniella,XXXXXXY,16
Coleoptera,Chrysomelidae,Asphaera_limitata,XXY,12
Coleoptera,Chrysomelidae,Asphaera_meticulosa,Xy,11
Coleoptera,Chrysomelidae,Asphaera_nr._Weyrauchi_sp._1,XXXXXXY,16
Coleoptera,Chrysomelidae,Asphaera_octopunctata,Xy,9
Coleoptera,Chrysomelidae,Asphaera_pauperata,Xy,9
Coleoptera,Chrysomelidae,Asphaera_pauperata,XXY,12
Coleoptera,Chrysomelidae,Asphaera_reflexicollis,XXXXY,14
Coleoptera,Chrysomelidae,Asphaera_sp._2,XXXY,13
Coleoptera,Chrysomelidae,Asphaera_sp._3,XXXXXXXY,16
Coleoptera,Chrysomelidae,Asphaera_t-album,XXXXXXY,16
Coleoptera,Chrysomelidae,Asphaera_unicolor,Xy,11
Coleoptera,Chrysomelidae,Aspidimorpha_difformis,Xyp,9
Coleoptera,Chrysomelidae,Aspidimorpha_dorsata,Xyp,8
Coleoptera,Chrysomelidae,Aspidimorpha_furcata,Xyp,9
Coleoptera,Chrysomelidae,Aspidimorpha_indica,Xyp,9
Coleoptera,Chrysomelidae,Aspidimorpha_miliaris,Xyp,9
Coleoptera,Chrysomelidae,Aulacophora_cincta,XY,15
Coleoptera,Chrysomelidae,Aulacophora_femoralis,XY,29
Coleoptera,Chrysomelidae,Aulacophora_femoralis,XXY,30
Coleoptera,Chrysomelidae,Aulacophora_fovecollis,XY,15
Coleoptera,Chrysomelidae,Aulacophora_fovecollis,Xyp,15
Coleoptera,Chrysomelidae,Aulacophora_fovecollis,XXY,30
Coleoptera,Chrysomelidae,Aulacophora_intermedia,XY,15
Coleoptera,Chrysomelidae,Aulacophora_intermedia,XXY,29
Coleoptera,Chrysomelidae,Aulacophora_intermedia,XXY,29
Coleoptera,Chrysomelidae,Aulacophora_semifusca,XXY,30
Coleoptera,Chrysomelidae,Aulacoscelis_melanocera,XO,12
Coleoptera,Chrysomelidae,Baliosus_californicus,Xyp,9
Coleoptera,Chrysomelidae,Basilepta_balyi,Xyp,14
Coleoptera,Chrysomelidae,Basilepta_fuvipes,Xyp,14
Coleoptera,Chrysomelidae,Basilepta_obliteratum,Xyp,12
Coleoptera,Chrysomelidae,Basiprionota_decemmaculata,Xyp,9
Coleoptera,Chrysomelidae,Blepharida_rhois,Xyp,16
Coleoptera,Chrysomelidae,Botanochara_angulata,XXY,26
Coleoptera,Chrysomelidae,Botanochara_boriensis,Xyy,13
Coleoptera,Chrysomelidae,Botanochara_boriensis,Xyy,20
Coleoptera,Chrysomelidae,Botanochara_boriensis,XXXY,23
Coleoptera,Chrysomelidae,Botanochara_boriensis,XXY,24
Coleoptera,Chrysomelidae,Botanochara_duodecimverrucata,XO,16
Coleoptera,Chrysomelidae,Botanochara_duodecimverrucata,XXXY,23
Coleoptera,Chrysomelidae,Botanochara_sp,XXXY,16
Coleoptera,Chrysomelidae,Botanochara_sp,XXXY,23
Coleoptera,Chrysomelidae,Botanochara_tesselata,Xyp,18
Coleoptera,Chrysomelidae,Bromius_obscurus,Xyp,8
Coleoptera,Chrysomelidae,Bruchidius_albizziae,Xyp,11
Coleoptera,Chrysomelidae,Bruchidius_aureus,Xyp,10
Coleoptera,Chrysomelidae,Bruchidius_dimorphous,Xyp,10
Coleoptera,Chrysomelidae,Bruchidius_mimosae,Xyp,11
Coleoptera,Chrysomelidae,Bruchidius_multilineolatus,Xyp,10
Coleoptera,Chrysomelidae,Bruchidius_saundersi,Xyp,10
Coleoptera,Chrysomelidae,Bruchidius_sp._1,Xyp,11
Coleoptera,Chrysomelidae,Bruchidius_urbanus,Xyp,10
Coleoptera,Chrysomelidae,Bruchus_pisorum,Xyp,10
Coleoptera,Chrysomelidae,Bruchus_pisorum,XY,11
Coleoptera,Chrysomelidae,Bruchus_rufimanus,XO,19
Coleoptera,Chrysomelidae,Calligrapha_alni,XO,12
Coleoptera,Chrysomelidae,Calligrapha_amator,XO,12
Coleoptera,Chrysomelidae,Calligrapha_bidenticola,XO,12
Coleoptera,Chrysomelidae,Calligrapha_californica_corepsivora,XO,12
Coleoptera,Chrysomelidae,Calligrapha_fulvipes,XO,12
Coleoptera,Chrysomelidae,Calligrapha_multipunctata_bigsbya,Xyp,12
Coleoptera,Chrysomelidae,Calligrapha_philadelphica,XO,12
Coleoptera,Chrysomelidae,Calligrapha_philadelphica,XO,12
Coleoptera,Chrysomelidae,Calligrapha_pnirsa,XO,12
Coleoptera,Chrysomelidae,Calligrapha_polyspila,Xyp,12
Coleoptera,Chrysomelidae,Calligrapha_pruni,XO,12
Coleoptera,Chrysomelidae,Calligrapha_verrucosa,XO,12
Coleoptera,Chrysomelidae,Callosobruchus_alis,XY,10
Coleoptera,Chrysomelidae,Callosobruchus_chinensis,XO,10
Coleoptera,Chrysomelidae,Callosobruchus_chinensis,XY,10
Coleoptera,Chrysomelidae,Callosobruchus_chinensis,Xyp,10
Coleoptera,Chrysomelidae,Callosobruchus_chinensis,Xyyp,10
Coleoptera,Chrysomelidae,Callosobruchus_maculatus,XY,10
Coleoptera,Chrysomelidae,Callosobruchus_maculatus,Xyp,10
Coleoptera,Chrysomelidae,Callosobruchus_subinnotatus,XY,10
Coleoptera,Chrysomelidae,Capraita_egleri,Xy,11
Coleoptera,Chrysomelidae,Capraita_sp._1,Xy,11
Coleoptera,Chrysomelidae,Capraita_strichocephala,Xy,11
Coleoptera,Chrysomelidae,Capraita_trinidadensis,Xy,11
Coleoptera,Chrysomelidae,Caryedon_acaciae,Xyp,9
Coleoptera,Chrysomelidae,Caryedon_gogra,Xyp,9
Coleoptera,Chrysomelidae,Caryedon_lineatonota,Xyp,10
Coleoptera,Chrysomelidae,Caryedon_longus,Xyp,9
Coleoptera,Chrysomelidae,Caryedon_opacus,Xyp,9
Coleoptera,Chrysomelidae,Caryedon_prosopius,Xyp,9
Coleoptera,Chrysomelidae,Caryedon_serratus,Xyp,9
Coleoptera,Chrysomelidae,Caryedon_sp._1,Xyp,10
Coleoptera,Chrysomelidae,Cassida_azurea,Xyp,9
Coleoptera,Chrysomelidae,Cassida_bergeali,Xyp,9
Coleoptera,Chrysomelidae,Cassida_circumdata,Xyp,9
Coleoptera,Chrysomelidae,Cassida_deflorata,Xyp,9
Coleoptera,Chrysomelidae,Cassida_enervis,Xyp,9
Coleoptera,Chrysomelidae,Cassida_flaveola,Xyp,9
Coleoptera,Chrysomelidae,Cassida_fuscorufa,Xyp,9
Coleoptera,Chrysomelidae,Cassida_hemisphaerica,Xyp,10
Coleoptera,Chrysomelidae,Cassida_hexastigma,Xyp,9
Coleoptera,Chrysomelidae,Cassida_inquita,Xyp,9
Coleoptera,Chrysomelidae,Cassida_leucanthemi,Xyp,9
Coleoptera,Chrysomelidae,Cassida_margaritacea,Xyp,15
Coleoptera,Chrysomelidae,Cassida_nebulosa,Xyp,9
Coleoptera,Chrysomelidae,Cassida_pannonica,Xyp,10
Coleoptera,Chrysomelidae,Cassida_panzeri,Xyp,9
Coleoptera,Chrysomelidae,Cassida_prasi,Xyp,9
Coleoptera,Chrysomelidae,Cassida_pusilla,Xyp,9
Coleoptera,Chrysomelidae,Cassida_rubiginosa,Xyp,9
Coleoptera,Chrysomelidae,Cassida_rufovirens,Xyp,9
Coleoptera,Chrysomelidae,Cassida_sanguinolenta,Xyp,9
Coleoptera,Chrysomelidae,Cassida_sanguinosa,Xyp,9
Coleoptera,Chrysomelidae,Cassida_sp._1,Xyp,10
Coleoptera,Chrysomelidae,Cassida_sp._1,Xyyp,10
Coleoptera,Chrysomelidae,Cassida_subreticulata,Xyp,15
Coleoptera,Chrysomelidae,Cassida_varians,Xyp,9
Coleoptera,Chrysomelidae,Cassida_vibex,Xyp,9
Coleoptera,Chrysomelidae,Cassida_vibex,Xyp,10
Coleoptera,Chrysomelidae,Cassida_virdis,Xyp,12
Coleoptera,Chrysomelidae,Cassida_virdis,Xyp,15
Coleoptera,Chrysomelidae,Cassida_virdis_1,XY,8
Coleoptera,Chrysomelidae,Cassida_Virdis_2,Xyp,12
Coleoptera,Chrysomelidae,Cassida_Virdis_3,Xyp,15
Coleoptera,Chrysomelidae,Cassida_vittata,Xyp,10
Coleoptera,Chrysomelidae,Cassidinae_sp,XY,11
Coleoptera,Chrysomelidae,Cerotoma_atrofasciata,XO,17
Coleoptera,Chrysomelidae,Cerotoma_ruficornis,XO,17
Coleoptera,Chrysomelidae,Cerotoma_sp._1_in_variegata_complex,XO,11
Coleoptera,Chrysomelidae,Chaetocnema_chloropha,Xyp,10
Coleoptera,Chrysomelidae,Chaetocnema_concin,XY,11
Coleoptera,Chrysomelidae,Chaetocnema_conducta,Xyp,11
Coleoptera,Chrysomelidae,Chaetocnema_depressa,Xyr,13
Coleoptera,Chrysomelidae,Chaetocnema_major,Xyp,11
Coleoptera,Chrysomelidae,Chaetocnema_tibialis,Xyr,11
Coleoptera,Chrysomelidae,Chalcophana_cincta,Xyp,13
Coleoptera,Chrysomelidae,Chalcophana_sp.,NeoXY,13
Coleoptera,Chrysomelidae,Chalcophana_sp._1,NeoXY,13
Coleoptera,Chrysomelidae,Chalcophana_verecunda,NeoXY,13
Coleoptera,Chrysomelidae,Chalcophana_verecunda,Xyp,13
Coleoptera,Chrysomelidae,Chalepus_dorsalis,Xyp,8
Coleoptera,Chrysomelidae,Chalepus_inequalis,Xyp,9
Coleoptera,Chrysomelidae,Chalepus_sanguinicollis,Xyp,9
Coleoptera,Chrysomelidae,Chalepus_sp._1,Xyp,9
Coleoptera,Chrysomelidae,Charidotella_immaculata,Xyp,11
Coleoptera,Chrysomelidae,Charidotella_quadrisigta,Xyp,12
Coleoptera,Chrysomelidae,Charidotella_sexpunctata,Xyp,11
Coleoptera,Chrysomelidae,Charidotella_sexpunctata,Xyp,11
Coleoptera,Chrysomelidae,Chelymorpha_cassidea,Xyp,11
Coleoptera,Chrysomelidae,Chelymorpha_cribaria,Xyr,11
Coleoptera,Chrysomelidae,Chelymorpha_cribraria,Xyp,11
Coleoptera,Chrysomelidae,Chelymorpha_indigesta,Xyp,11
Coleoptera,Chrysomelidae,Chelymorpha_nigricollis,Xyp,11
Coleoptera,Chrysomelidae,Chelymorpha_varians,Xyp,11
Coleoptera,Chrysomelidae,Chirida_sp._1,Xyp,18
Coleoptera,Chrysomelidae,Chiridopsis_bupunctata,Xyp,9
Coleoptera,Chrysomelidae,Chlamisus_straminea,XXY,11
Coleoptera,Chrysomelidae,Chlamydocassis_cribripennis,Xyp,16
Coleoptera,Chrysomelidae,Chlamydocassis_metallica,Xyp,16
Coleoptera,Chrysomelidae,Chrysochus_asclepiadeus,Xyp,12
Coleoptera,Chrysomelidae,Chrysochus_auratus,Xyc,13
Coleoptera,Chrysomelidae,Chrysochus_cobaltinus,XO,15
Coleoptera,Chrysomelidae,Chrysodina_sp.,Xyp,6
Coleoptera,Chrysomelidae,Chrysolina_affinis,Xyp,12
Coleoptera,Chrysomelidae,Chrysolina_alis,Xyp,20
Coleoptera,Chrysomelidae,Chrysolina_alis,Xyp,20
Coleoptera,Chrysomelidae,Chrysolina_americana,Xyp,12
Coleoptera,Chrysomelidae,Chrysolina_aurichalcea,Xyp,20
Coleoptera,Chrysomelidae,Chrysolina_aurichalcea,XO,23
Coleoptera,Chrysomelidae,Chrysolina_aurichalcea,Xyp,23
Coleoptera,Chrysomelidae,Chrysolina_banksi,XO,12
Coleoptera,Chrysomelidae,Chrysolina_bicolor,Xyp,12
Coleoptera,Chrysomelidae,Chrysolina_bigorrensis,Xyp,13
Coleoptera,Chrysomelidae,Chrysolina_carnifex,Xyp,20
Coleoptera,Chrysomelidae,Chrysolina_carnifex,Xyp,20
Coleoptera,Chrysomelidae,Chrysolina_cerealis,Xyp,12
Coleoptera,Chrysomelidae,Chrysolina_cf._Subcostata,Xyp,13
Coleoptera,Chrysomelidae,Chrysolina_coerulans,Xyp,12
Coleoptera,Chrysomelidae,Chrysolina_colasi,Xyp,12
Coleoptera,Chrysomelidae,Chrysolina_colasi,Xyp,12
Coleoptera,Chrysomelidae,Chrysolina_curvilinea,Xyp,20
Coleoptera,Chrysomelidae,Chrysolina_diluta,Xyp,18
Coleoptera,Chrysomelidae,Chrysolina_exanthematica,XO,12
Coleoptera,Chrysomelidae,Chrysolina_fastuosa,Xyp,12
Coleoptera,Chrysomelidae,Chrysolina_femoralis,Xyp,12
Coleoptera,Chrysomelidae,Chrysolina_fragariae,Xyp,12
Coleoptera,Chrysomelidae,Chrysolina_gebleri,Xyp,13
Coleoptera,Chrysomelidae,Chrysolina_gemi,Xyp,12
Coleoptera,Chrysomelidae,Chrysolina_globosa,Xyp,13
Coleoptera,Chrysomelidae,Chrysolina_graminis,Xyp,12
Coleoptera,Chrysomelidae,Chrysolina_grossa,Xyp,12
Coleoptera,Chrysomelidae,Chrysolina_gypsophilae_grossepunctata,Xyp,15
Coleoptera,Chrysomelidae,Chrysolina_haemoptera,Xyp,20
Coleoptera,Chrysomelidae,Chrysolina_helopioides,XO,24
Coleoptera,Chrysomelidae,Chrysolina_herbacea,Xyp,12
Coleoptera,Chrysomelidae,Chrysolina_interstincta,Xyp,20
Coleoptera,Chrysomelidae,Chrysolina_janbechynei,Xyp,20
Coleoptera,Chrysomelidae,Chrysolina_kuesteri,Xyp,11
Coleoptera,Chrysomelidae,Chrysolina_lucida,Xyp,12
Coleoptera,Chrysomelidae,Chrysolina_marcasitica,Xyp,21
Coleoptera,Chrysomelidae,Chrysolina_marginata,Xyp,20
Coleoptera,Chrysomelidae,Chrysolina_marginata,Xyp,20
Coleoptera,Chrysomelidae,Chrysolina_marginata,Xyp,20
Coleoptera,Chrysomelidae,Chrysolina_obscurella,XO,24
Coleoptera,Chrysomelidae,Chrysolina_obsoleta,XO,12
Coleoptera,Chrysomelidae,Chrysolina_oricalcia,Xyp,20
Coleoptera,Chrysomelidae,Chrysolina_peregrina,Xyp,23
Coleoptera,Chrysomelidae,Chrysolina_polita,Xyp,12
Coleoptera,Chrysomelidae,Chrysolina_purpurascens,XO,12
Coleoptera,Chrysomelidae,Chrysolina_purpurascens,Xyp,12
Coleoptera,Chrysomelidae,Chrysolina_purpurascens_crassimargo,Xyp,12
Coleoptera,Chrysomelidae,Chrysolina_purpurascens_purpurascens,Xyp,12
Coleoptera,Chrysomelidae,Chrysolina_pyrenaica,Xyp,20
Coleoptera,Chrysomelidae,Chrysolina_rufa,XO,12
Coleoptera,Chrysomelidae,Chrysolina_rufa,XO,12
Coleoptera,Chrysomelidae,Chrysolina_staphylea,Xyp,11
Coleoptera,Chrysomelidae,Chrysolina_staphylea,XO,12
Coleoptera,Chrysomelidae,Chrysolina_timarchoides,XO,24
Coleoptera,Chrysomelidae,Chrysolina_timarchoides,XO,24
Coleoptera,Chrysomelidae,Chrysolina_umbratilis,Xyp,15
Coleoptera,Chrysomelidae,Chrysolina_varians,Xyp,16
Coleoptera,Chrysomelidae,Chrysolina_veridana,Xyp,12
Coleoptera,Chrysomelidae,Chrysomela_interrupta,Xyp,17
Coleoptera,Chrysomelidae,Chrysomela_lapponica,Xyp,17
Coleoptera,Chrysomelidae,Chrysomela_mainensis_interna,Xyp,17
Coleoptera,Chrysomelidae,Chrysomela_populi,Xyp,17
Coleoptera,Chrysomelidae,Chrysomela_schaefferi,Xyp,17
Coleoptera,Chrysomelidae,Chrysomela_schaefferi,Xyyp,17
Coleoptera,Chrysomelidae,Chrysomela_sp._1,Xyp,17
Coleoptera,Chrysomelidae,Chrysomela_sp._2,Xyp,17
Coleoptera,Chrysomelidae,Chrysomela_tremulae,Xyp,17
Coleoptera,Chrysomelidae,Chrysophtharta_aurea,Xyp,12
Coleoptera,Chrysomelidae,Chrysophtharta_decolorata,Xyp,12
Coleoptera,Chrysomelidae,Chrysophtharta_nobilitata,Xyp,12
Coleoptera,Chrysomelidae,Chrysophtharta_variicollis,Xyp,12
Coleoptera,Chrysomelidae,Cistudinella_obducta,Xy,9
Coleoptera,Chrysomelidae,Clytra_laeviuscula,Xyp,12
Coleoptera,Chrysomelidae,Clytra_quadripunctata,XY,12
Coleoptera,Chrysomelidae,Clytra_succinata,XY,20
Coleoptera,Chrysomelidae,Colaphus_sophiae,XO,14
Coleoptera,Chrysomelidae,Colaspidema_barbarum,Xyp,14
Coleoptera,Chrysomelidae,Colaspis_greyi,Xyp,11
Coleoptera,Chrysomelidae,Colaspis_tricolor,NeoXY,15
Coleoptera,Chrysomelidae,Colasposoma_auripenne,Xyp,8
Coleoptera,Chrysomelidae,Colasposoma_lividipes,Xyp,8
Coleoptera,Chrysomelidae,Colasposoma_metallicum,Xyp,8
Coleoptera,Chrysomelidae,Colasposoma_ortum,Xyp,8
Coleoptera,Chrysomelidae,Colasposoma_rufipes,Xyp,8
Coleoptera,Chrysomelidae,Colasposoma_semicostatum,Xyp,8
Coleoptera,Chrysomelidae,Colasposoma_sp._1,Xyp,8
Coleoptera,Chrysomelidae,Conchyloctenia_nigrovittata,XY,8
Coleoptera,Chrysomelidae,Conchyloctenia_nigrovittata,Xyp,9
Coleoptera,Chrysomelidae,Conicobruchus_indicus,Xyp,10
Coleoptera,Chrysomelidae,Coptocephala_unifasciata,Xyp,12
Coleoptera,Chrysomelidae,Coptocycla_adamantina,Xyp,9
Coleoptera,Chrysomelidae,Coraia_clarki,Xyp,18
Coleoptera,Chrysomelidae,Coraia_maculicollis,Xyp,18
Coleoptera,Chrysomelidae,Cosmogramma_decora,Xyp,10
Coleoptera,Chrysomelidae,Craspedonta_leaya,Xyp,9
Coleoptera,Chrysomelidae,Crepidedera_aurea,Xyp,9
Coleoptera,Chrysomelidae,Crepidedera_plutus,Xyp,13
Coleoptera,Chrysomelidae,Crioceris_asparagi,Xyp,8
Coleoptera,Chrysomelidae,Crioceris_duodecimpunctata,Xyp,8
Coleoptera,Chrysomelidae,Crioceris_macilenta,Xyp,8
Coleoptera,Chrysomelidae,Crioceris_paracenthesis,Xyp,8
Coleoptera,Chrysomelidae,Crosita_altaica,Xyp,15
Coleoptera,Chrysomelidae,Crosita_rugulosa,Xyp,15
Coleoptera,Chrysomelidae,Crosita_salviae,Xyp,12
Coleoptera,Chrysomelidae,Cryptocephalus_alis,Xyp,15
Coleoptera,Chrysomelidae,Cryptocephalus_aureolus,Xyr,15
Coleoptera,Chrysomelidae,Cryptocephalus_bipunctatus,Xyr,15
Coleoptera,Chrysomelidae,Cryptocephalus_capucinus,Xyr,15
Coleoptera,Chrysomelidae,Cryptocephalus_crassus,Xyr,16
Coleoptera,Chrysomelidae,Cryptocephalus_espanoli,Xyr,15
Coleoptera,Chrysomelidae,Cryptocephalus_globicollis,Xyr,15
Coleoptera,Chrysomelidae,Cryptocephalus_hypochoeridis,Xyr,15
Coleoptera,Chrysomelidae,Cryptocephalus_moraei,Xyr,15
Coleoptera,Chrysomelidae,Cryptocephalus_ocellatus,Xyp,15
Coleoptera,Chrysomelidae,Cryptocephalus_ochroleucus,Xyp,15
Coleoptera,Chrysomelidae,Cryptocephalus_octopilosus,Xyp,16
Coleoptera,Chrysomelidae,Cryptocephalus_oppositus,Xyp,15
Coleoptera,Chrysomelidae,Cryptocephalus_primarius,Xyp,20
Coleoptera,Chrysomelidae,Cryptocephalus_quadruplex,Xyp,12
Coleoptera,Chrysomelidae,Cryptocephalus_rugicollis,Xyr,15
Coleoptera,Chrysomelidae,Cryptocephalus_sexmaculatus,Xyp,14
Coleoptera,Chrysomelidae,Cryptocephalus_sexpunctatus,Xyp,8
Coleoptera,Chrysomelidae,Cryptocephalus_sexpustulatus,Xyr,15
Coleoptera,Chrysomelidae,Cryptocephalus_sexsigtus,XY,15
Coleoptera,Chrysomelidae,Cryptocephalus_sp._1,Xyp,15
Coleoptera,Chrysomelidae,Cryptocephalus_sp._2,Xyp,15
Coleoptera,Chrysomelidae,Cryptocephalus_sp._3,Xyp,15
Coleoptera,Chrysomelidae,Cryptocephalus_sulphureus,Xyp,16
Coleoptera,Chrysomelidae,Cryptocephalus_triangularis,Xyp,16
Coleoptera,Chrysomelidae,Cryptocephalus_violaceus,Xyr,15
Coleoptera,Chrysomelidae,Cryptocephalus_vittula,Xyp,14
Coleoptera,Chrysomelidae,Cteisella_confusa,Xyp,9
Coleoptera,Chrysomelidae,Cyrsylus_volkameriae,Xxyy,15
Coleoptera,Chrysomelidae,Cyrtonus_arcasi,Xyp,20
Coleoptera,Chrysomelidae,Cyrtonus_contractus,Xyp,14
Coleoptera,Chrysomelidae,Cyrtonus_cupreovirens,Xyp,14
Coleoptera,Chrysomelidae,Cyrtonus_cylindricus,Xyp,14
Coleoptera,Chrysomelidae,Cyrtonus_dufouri,Xyp,14
Coleoptera,Chrysomelidae,Cyrtonus_elegans,Xyp,14
Coleoptera,Chrysomelidae,Cyrtonus_fairmarei,Xyp,20
Coleoptera,Chrysomelidae,Cyrtonus_majoricensis,Xyp,14
Coleoptera,Chrysomelidae,Cyrtonus_majoricensis,Xyp,14
Coleoptera,Chrysomelidae,Cyrtonus_pardoi,Xyp,23
Coleoptera,Chrysomelidae,Cyrtonus_plumbeus,Xyp,14
Coleoptera,Chrysomelidae,Cyrtonus_puncticeps,Xyp,20
Coleoptera,Chrysomelidae,Cyrtonus_punctipennis,Xyp,14
Coleoptera,Chrysomelidae,Cyrtonus_rotundatus,Xyp,14
Coleoptera,Chrysomelidae,Cyrtonus_ruficornis,Xyp,14
Coleoptera,Chrysomelidae,Cyrtonus_sp._1,Xyp,14
Coleoptera,Chrysomelidae,Dactylispa_atkinsoni,Xyp,8
Coleoptera,Chrysomelidae,Dactylispa_brevispinosa,Xyp,8
Coleoptera,Chrysomelidae,Dactylispa_humeralis,Xyp,8
Coleoptera,Chrysomelidae,Deloyala_cruciata,Xyp,9
Coleoptera,Chrysomelidae,Deloyala_guttata,Xyp,9
Coleoptera,Chrysomelidae,Deloyala_guttata,Xyp,10
Coleoptera,Chrysomelidae,Desmogramma_nigripes,Xyp,12
Coleoptera,Chrysomelidae,Deuteronoda_suturalis,NeoXY,8
Coleoptera,Chrysomelidae,Diabrotica_'variablis?',XO,10
Coleoptera,Chrysomelidae,Diabrotica_adelpha,XO,10
Coleoptera,Chrysomelidae,Diabrotica_bioculata,XO,10
Coleoptera,Chrysomelidae,Diabrotica_capitata,XO,10
Coleoptera,Chrysomelidae,Diabrotica_circulata,XO,10
Coleoptera,Chrysomelidae,Diabrotica_cortezi,XO,10
Coleoptera,Chrysomelidae,Diabrotica_cristata,XO,10
Coleoptera,Chrysomelidae,Diabrotica_dissimilis,XO,10
Coleoptera,Chrysomelidae,Diabrotica_flaviventris,XO,10
Coleoptera,Chrysomelidae,Diabrotica_graminea,XO,10
Coleoptera,Chrysomelidae,Diabrotica_lemniscata,XO,10
Coleoptera,Chrysomelidae,Diabrotica_limitata_15-punctata,XO,10
Coleoptera,Chrysomelidae,Diabrotica_longicornis,XO,10
Coleoptera,Chrysomelidae,Diabrotica_longicornis_barberi,XO,10
Coleoptera,Chrysomelidae,Diabrotica_marginata,XO,10
Coleoptera,Chrysomelidae,Diabrotica_nummularis,XO,10
Coleoptera,Chrysomelidae,Diabrotica_ochreata,XO,10
Coleoptera,Chrysomelidae,Diabrotica_octoplagiata,XO,10
Coleoptera,Chrysomelidae,Diabrotica_porracea,XO,10
Coleoptera,Chrysomelidae,Diabrotica_rufolimabata,XO,10
Coleoptera,Chrysomelidae,Diabrotica_scutella,XO,10
Coleoptera,Chrysomelidae,Diabrotica_sexmaculata,XO,10
Coleoptera,Chrysomelidae,Diabrotica_speciosa,XO,11
Coleoptera,Chrysomelidae,Diabrotica_tibialis,XO,10
Coleoptera,Chrysomelidae,Diabrotica_trifasciata,XO,10
Coleoptera,Chrysomelidae,Diabrotica_undecimpunctata_duodecimnotata,XO,10
Coleoptera,Chrysomelidae,Diabrotica_undecimpunctata_howardi,XO,10
Coleoptera,Chrysomelidae,Diabrotica_undecimpunctata_tenella,XO,10
Coleoptera,Chrysomelidae,Diabrotica_virgifera,XO,10
Coleoptera,Chrysomelidae,Diabrotica_virgifera_zeae,XO,10
Coleoptera,Chrysomelidae,Diabrotica_viridula,XO,10
Coleoptera,Chrysomelidae,Diabrotica_viridula_rufobasis,XO,10
Coleoptera,Chrysomelidae,Diapromorpha_melanopus,XY,11
Coleoptera,Chrysomelidae,Diapromorpha_pallens,XY,12
Coleoptera,Chrysomelidae,Diapromorpha_quadripunctata,Xy,11
Coleoptera,Chrysomelidae,Diapromorpha_quadripunctata,Xyy,11
Coleoptera,Chrysomelidae,Diapromorpha_turcica,Xy,11
Coleoptera,Chrysomelidae,Diapromorpha_turcica,Xyy,11
Coleoptera,Chrysomelidae,Dibolia_penstemonis,NeoXY,16
Coleoptera,Chrysomelidae,Dibolia_timida,Xyp,20
Coleoptera,Chrysomelidae,Dicladispa_occator,Xyp,8
Coleoptera,Chrysomelidae,Dicladispa_testacea,Xyp,8
Coleoptera,Chrysomelidae,Diphaulaca_arguta,Xyp,15
Coleoptera,Chrysomelidae,Diphaulaca_sp._1,Xyp,15
Coleoptera,Chrysomelidae,Diphaulaca_sp._2,Xyp,15
Coleoptera,Chrysomelidae,Disonycha_alternata,NeoXY,25
Coleoptera,Chrysomelidae,Disonycha_bicarinata,XXY,32
Coleoptera,Chrysomelidae,Disonycha_bicarinata,XXY,33
Coleoptera,Chrysomelidae,Disonycha_brevilineata,XXOO,18
Coleoptera,Chrysomelidae,Disonycha_glabrata,XXXXXXY,20
Coleoptera,Chrysomelidae,Disonycha_laevigata,NeoXY,22
Coleoptera,Chrysomelidae,Disonycha_laevigata,Xyp,23
Coleoptera,Chrysomelidae,Disonycha_nigrita,XXOO,18
Coleoptera,Chrysomelidae,Disonycha_sp._1,XY,24
Coleoptera,Chrysomelidae,Disonycha_sp._2,XO,15
Coleoptera,Chrysomelidae,Disonycha_spilotrachela,XXY,15
Coleoptera,Chrysomelidae,Donacia_andalusica,Xyp,15
Coleoptera,Chrysomelidae,Donacia_bicolor,Xyp,15
Coleoptera,Chrysomelidae,Donacia_biimpressa,Xyp,15
Coleoptera,Chrysomelidae,Donacia_clavipes,Xyp,15
Coleoptera,Chrysomelidae,Donacia_hirticollis,Xyp,14
Coleoptera,Chrysomelidae,Donacia_subtilis,Xyp,14
Coleoptera,Chrysomelidae,Donacia_vulgaris,Xyp,15
Coleoptera,Chrysomelidae,Doryphora_quadrisignata,NeoXY,6
Coleoptera,Chrysomelidae,Entomoscelis_adonidis,Xyp,13
Coleoptera,Chrysomelidae,Entomoscelis_sacra,Xyp,13
Coleoptera,Chrysomelidae,Epistictina_viridimaculata,XY,9
Coleoptera,Chrysomelidae,Epitrix_cucumeris,Xyp,13
Coleoptera,Chrysomelidae,Epitrix_fasciata,Xyp,13
Coleoptera,Chrysomelidae,Erganoides_sp._1,Xyp,13
Coleoptera,Chrysomelidae,Estignema_chinensis,Xyp,9
Coleoptera,Chrysomelidae,Eumolpus_sp.,Xyp,11
Coleoptera,Chrysomelidae,Eumolpus_sp._1,Xyp,11
Coleoptera,Chrysomelidae,Eumolpus_sp._2,Xyp,11
Coleoptera,Chrysomelidae,Eumolpus_surinamensis,Xyp,11
Coleoptera,Chrysomelidae,Eurypedus_thoni,Xyp,10
Coleoptera,Chrysomelidae,Eurypepla_jamaicensis,Xyp,9
Coleoptera,Chrysomelidae,Exema_cadensis,NeoXY,9
Coleoptera,Chrysomelidae,Exora_encaustica_rensis,XO,16
Coleoptera,Chrysomelidae,Forsterita_sp._1,Xyp,12
Coleoptera,Chrysomelidae,Galeruca_angusta,Xyp,22
Coleoptera,Chrysomelidae,Galeruca_artemisiae,Xyp,22
Coleoptera,Chrysomelidae,Galeruca_indica,Xyp,23
Coleoptera,Chrysomelidae,Galeruca_miegi,Xyp,19
Coleoptera,Chrysomelidae,Galeruca_monticola,Xyp,19
Coleoptera,Chrysomelidae,Galeruca_taceti,Xyp,20
Coleoptera,Chrysomelidae,Galerucella_bicolor,Xyp,22
Coleoptera,Chrysomelidae,Galerucella_bimarnica,Xyp,17
Coleoptera,Chrysomelidae,Galerucella_calmariensis,Xyp,17
Coleoptera,Chrysomelidae,Galerucella_cavicollis,Xyp,17
Coleoptera,Chrysomelidae,Galerucella_lineola,Xyp,17
Coleoptera,Chrysomelidae,Galerucella_nymphae,Xyp,17
Coleoptera,Chrysomelidae,Galerucella_placida,Xyp,19
Coleoptera,Chrysomelidae,Galerucella_pusilla,NeoXY,8
Coleoptera,Chrysomelidae,Galerucella_sp._1,Xyp,17
Coleoptera,Chrysomelidae,Galerucella_tenella,Xyp,13
Coleoptera,Chrysomelidae,Galerucella_vaccinii,Xyp,17
Coleoptera,Chrysomelidae,Gastrophysa_cyanea,Xyp,15
Coleoptera,Chrysomelidae,Gastrophysa_poligoni,Xyp,12
Coleoptera,Chrysomelidae,Gastrophysa_viridula,Xyp,14
Coleoptera,Chrysomelidae,Genus_nr._Stenophyma_sp._1,Xy,16
Coleoptera,Chrysomelidae,Glyphocassis_trilineata,Xyp,8
Coleoptera,Chrysomelidae,Glyphocassis_trilineata,Xyp,9
Coleoptera,Chrysomelidae,Glyptina_sp._1,XY,14
Coleoptera,Chrysomelidae,Glyptoscelis_chontalensis,Xyp,10
Coleoptera,Chrysomelidae,Glyptoscelis_sp._1,Xyp,8
Coleoptera,Chrysomelidae,Gonioctena_americana,Xyp,12
Coleoptera,Chrysomelidae,Gonioctena_linnaeana,Xyp,12
Coleoptera,Chrysomelidae,Gonioctena_nivosa,Xyp,12
Coleoptera,Chrysomelidae,Gonioctena_quinquepunctata,Xyp,12
Coleoptera,Chrysomelidae,Gonioctena_sibirica,Xyp,12
Coleoptera,Chrysomelidae,Gonioctena_springlovae,Xyp,20
Coleoptera,Chrysomelidae,Gonioctena_variabilis,Xyp,12
Coleoptera,Chrysomelidae,Gonioctena_vimilis,Xyp,12
Coleoptera,Chrysomelidae,Gratiana_lutescens,Xyp,9
Coleoptera,Chrysomelidae,Gratiana_pallidula,Xyp,9
Coleoptera,Chrysomelidae,Gratiana_spadicea,Xyp,10
Coleoptera,Chrysomelidae,Gynandrobrotica_lepida,XO,9
Coleoptera,Chrysomelidae,Gynandrobrotica_nigrofasciata,XO,9
Coleoptera,Chrysomelidae,Gynandrobrotica_sp._1,XO,7
Coleoptera,Chrysomelidae,Gynandrobrotica_variabilis,XO,9
Coleoptera,Chrysomelidae,Heikertingerella_brevitarsis,XXYY,12
Coleoptera,Chrysomelidae,Heikertingerella_sp._1,NeoXY,10
Coleoptera,Chrysomelidae,Heikertingerella_sp._2,XXYY,9
Coleoptera,Chrysomelidae,Heikertingerella_sp._3,XXYY,9
Coleoptera,Chrysomelidae,Helocassis_clavata,XY,9
Coleoptera,Chrysomelidae,Helocassis_clavata,Xyp,9
Coleoptera,Chrysomelidae,Hemipyxis_sp._1,XY,12
Coleoptera,Chrysomelidae,Hermaeophaga_cicatrix,XXY,9
Coleoptera,Chrysomelidae,Hermaeophaga_ruficollis,XY,8
Coleoptera,Chrysomelidae,Hilarocassis_exclamationis,Xyc,17
Coleoptera,Chrysomelidae,Hilarocassis_exclamationis,Xyp,17
Coleoptera,Chrysomelidae,Hispa_armigera,XY,6
Coleoptera,Chrysomelidae,Hispa_armigera,XY,9
Coleoptera,Chrysomelidae,Hispa_atra,Xyp,8
Coleoptera,Chrysomelidae,Homoschema_nigriventre,XY,4
Coleoptera,Chrysomelidae,Homoschema_obesum,XXY,6
Coleoptera,Chrysomelidae,Hydrothassa_glabra,Xyp,17
Coleoptera,Chrysomelidae,Hyphasoma_sp._1,NeoXY,11
Coleoptera,Chrysomelidae,Hypocassida_subferruginea,NeoXY,19
Coleoptera,Chrysomelidae,Hypolampsis_bryanti,XY,10
Coleoptera,Chrysomelidae,Hypolampsis_sp._1,Xyp,11
Coleoptera,Chrysomelidae,Isotes_multipunctata,XO,12
Coleoptera,Chrysomelidae,Isotes_quadrispilota,XO,19
Coleoptera,Chrysomelidae,Kanarella_sp._1,Xyp,13
Coleoptera,Chrysomelidae,Labidomera_clivicollis,XO,17
Coleoptera,Chrysomelidae,Labidomera_clivicollis,XY,17
Coleoptera,Chrysomelidae,Labidomera_suturella,XO,16
Coleoptera,Chrysomelidae,Laccoptera_quadrimaculata,XY,9
Coleoptera,Chrysomelidae,Laccoptera_quadrimaculata,Xyp,9
Coleoptera,Chrysomelidae,Laccoptera_quadrimaculata,Xyr,9
Coleoptera,Chrysomelidae,Laccoptera_quadrimaculata,Xyyp,9
Coleoptera,Chrysomelidae,Lachnaia_pubescens,Xy,12
Coleoptera,Chrysomelidae,Lasiochila_excavata,NeoXY,9
Coleoptera,Chrysomelidae,Lema_cerea,Xyp,7
Coleoptera,Chrysomelidae,Lema_coromandeliana,Xyp,8
Coleoptera,Chrysomelidae,Lema_cyanea,Xyp,12
Coleoptera,Chrysomelidae,Lema_cyanella,Xyp,8
Coleoptera,Chrysomelidae,Lema_dorsalis,Xyp,9
Coleoptera,Chrysomelidae,Lema_n.sp.,Xyp,8
Coleoptera,Chrysomelidae,Lema_nigripes,Xyp,9
Coleoptera,Chrysomelidae,Lema_nigrrofrontalis,Xyp,8
Coleoptera,Chrysomelidae,Lema_praeusta,Xyp,8
Coleoptera,Chrysomelidae,Lema_rufotestacea,Xyp,7
Coleoptera,Chrysomelidae,Lema_semifulva,Xyp,8
Coleoptera,Chrysomelidae,Lema_termita,Xyp,8
Coleoptera,Chrysomelidae,Lema_trilineata,Xyp,16
Coleoptera,Chrysomelidae,Leptinotarsa_behrensi,XO,18
Coleoptera,Chrysomelidae,Leptinotarsa_belti,XO,12
Coleoptera,Chrysomelidae,Leptinotarsa_decimlineata,XO,17
Coleoptera,Chrysomelidae,Leptinotarsa_decimlineata,Xyp,18
Coleoptera,Chrysomelidae,Leptinotarsa_defecta,XO,18
Coleoptera,Chrysomelidae,Leptinotarsa_flavitarsis,XO,18
Coleoptera,Chrysomelidae,Leptinotarsa_haldemani,XO,18
Coleoptera,Chrysomelidae,Leptinotarsa_heydeni,XO,18
Coleoptera,Chrysomelidae,Leptinotarsa_juncta,XO,18
Coleoptera,Chrysomelidae,Leptinotarsa_lineolata,XO,18
Coleoptera,Chrysomelidae,Leptinotarsa_peninsularis,XO,18
Coleoptera,Chrysomelidae,Leptinotarsa_rubiginosa,XO,18
Coleoptera,Chrysomelidae,Leptinotarsa_sigticollis,XO,17
Coleoptera,Chrysomelidae,Leptinotarsa_texa,XO,18
Coleoptera,Chrysomelidae,Leptinotarsa_tumamoca,XO,18
Coleoptera,Chrysomelidae,Leptinotarsa_typographica,XO,18
Coleoptera,Chrysomelidae,Leptinotarsa_undecimlineata,XO,17
Coleoptera,Chrysomelidae,Leptispa_filiformis,XY,16
Coleoptera,Chrysomelidae,Leucocera_laevicollis,Xyp,12
Coleoptera,Chrysomelidae,Lilioceris_impressa,Xyr,10
Coleoptera,Chrysomelidae,Lilioceris_lilii,Xyp,11
Coleoptera,Chrysomelidae,Linaeidea_aenea,Xyp,17
Coleoptera,Chrysomelidae,Longitarsus_australis,XY,14
Coleoptera,Chrysomelidae,Longitarsus_ballotae,XY,16
Coleoptera,Chrysomelidae,Longitarsus_candidulus,XY,15
Coleoptera,Chrysomelidae,Longitarsus_codii,XY,15
Coleoptera,Chrysomelidae,Longitarsus_exsoletus,XY,16
Coleoptera,Chrysomelidae,Longitarsus_holsaticus,XY,16
Coleoptera,Chrysomelidae,Longitarsus_kleiniiperda,XY,15
Coleoptera,Chrysomelidae,Longitarsus_luridus,XY,15
Coleoptera,Chrysomelidae,Longitarsus_lycopi,XY,14
Coleoptera,Chrysomelidae,Longitarsus_melanocephalus,XY,16
Coleoptera,Chrysomelidae,Longitarsus_nervosus,XY,15
Coleoptera,Chrysomelidae,Longitarsus_niger,XY,13
Coleoptera,Chrysomelidae,Longitarsus_nigrofasciatus,XY,13
Coleoptera,Chrysomelidae,Longitarsus_nigrofasciatus,XY,14
Coleoptera,Chrysomelidae,Longitarsus_nus,XY,14
Coleoptera,Chrysomelidae,Longitarsus_oakleyi,XY,14
Coleoptera,Chrysomelidae,Longitarsus_obliteratoides,XY,15
Coleoptera,Chrysomelidae,Longitarsus_ochroleucus,XY,15
Coleoptera,Chrysomelidae,Longitarsus_orditus,XY,14
Coleoptera,Chrysomelidae,Longitarsus_pellucides,XY,15
Coleoptera,Chrysomelidae,Longitarsus_pratensis,XY,13
Coleoptera,Chrysomelidae,Longitarsus_reichei,XY,14
Coleoptera,Chrysomelidae,Longitarsus_rubiginosus,XY,15
Coleoptera,Chrysomelidae,Longitarsus_succineus,XY,15
Coleoptera,Chrysomelidae,Longitarsus_tabidus,XY,14
Coleoptera,Chrysomelidae,Longitarus_aeruginosus,XY,12
Coleoptera,Chrysomelidae,Luperodes_praeustus,NeoXY,16
Coleoptera,Chrysomelidae,Luperus_discrepans,XNeoXY,17
Coleoptera,Chrysomelidae,Lysathia_ludoviciana,Xy,12
Coleoptera,Chrysomelidae,Lysathia_occidentalis,Xy,12
Coleoptera,Chrysomelidae,Lysathia_sp._1,Xy,12
Coleoptera,Chrysomelidae,Macrocoma_rufotibialis,Xyp,8
Coleoptera,Chrysomelidae,Macrohaltica_jamaicensis,Xy,12
Coleoptera,Chrysomelidae,Macrohaltica_mexica_salvadorensis,Xy,13
Coleoptera,Chrysomelidae,Macrohaltica_transversa,Xy,12
Coleoptera,Chrysomelidae,Merilia_sublunata,Xy,11
Coleoptera,Chrysomelidae,Mesoplatys_cincta,Xyp,12
Coleoptera,Chrysomelidae,Metallactus_patagonicus,XO,8
Coleoptera,Chrysomelidae,Metriona_elatior,Xyp,9
Coleoptera,Chrysomelidae,Microrhopala_vittata,Xyp,16
Coleoptera,Chrysomelidae,Microtenochira_aciculata,Xyp,9
Coleoptera,Chrysomelidae,Microtenochira_optata,Xyp,9
Coleoptera,Chrysomelidae,Microtenochira_quadrata,Xyp,9
Coleoptera,Chrysomelidae,Microtheca_ochroloma,Xyp,14
Coleoptera,Chrysomelidae,Monolepta_erythrocephala,Xyp,13
Coleoptera,Chrysomelidae,Monolepta_sexsigta,Xyp,9
Coleoptera,Chrysomelidae,Monolepta_sexsigta,Xyr,9
Coleoptera,Chrysomelidae,Monolepta_sigta,Xyp,9
Coleoptera,Chrysomelidae,Monomacra_caprai,NeoXY,15
Coleoptera,Chrysomelidae,Monomacra_sp._1,XO,17
Coleoptera,Chrysomelidae,Monoxia_apicalis,Xyr,16
Coleoptera,Chrysomelidae,Monoxia_batisia,XY,18
Coleoptera,Chrysomelidae,Monoxia_guttulata,Xyr,9
Coleoptera,Chrysomelidae,Monoxia_obesula,Xyr,19
Coleoptera,Chrysomelidae,Monoxia_sp_1_near_inorta,Xyr,9
Coleoptera,Chrysomelidae,Monoxia_sp._1,NeoXY,9
Coleoptera,Chrysomelidae,Monoxia_sp._2_possibly_puberula,Xyr,10
Coleoptera,Chrysomelidae,Neocrepidodera_transversa,Xyp,19
Coleoptera,Chrysomelidae,Nodonota_aridicola,Xyp,6
Coleoptera,Chrysomelidae,Nodonota_lateralis,Xyp,6
Coleoptera,Chrysomelidae,Nodonota_puncticollis,Xyp,6
Coleoptera,Chrysomelidae,Nodonota_virdis,Xyp,8
Coleoptera,Chrysomelidae,Notosacantha_maculipennis,Xyp,8
Coleoptera,Chrysomelidae,Octotoma_scabripennis,Xyp,10
Coleoptera,Chrysomelidae,Odontota_dorsalis,Xyp,8
Coleoptera,Chrysomelidae,Oedionychus_cinctus,Xy,8
Coleoptera,Chrysomelidae,Oedionychus_limbatus,Xy,8
Coleoptera,Chrysomelidae,Oedionychus_sp.,XY,11
Coleoptera,Chrysomelidae,Oedionychus_sp._1,Xy,11
Coleoptera,Chrysomelidae,Oedionychus_umbratica,Xy,11
Coleoptera,Chrysomelidae,Oides_bipunctata,XO,9
Coleoptera,Chrysomelidae,Oides_sp.,XO,25
Coleoptera,Chrysomelidae,Omophoita_aequatorialis,Xy,11
Coleoptera,Chrysomelidae,Omophoita_aequinoctialis,Xy,11
Coleoptera,Chrysomelidae,Omophoita_albicollis,Xy,11
Coleoptera,Chrysomelidae,Omophoita_angustolineata_?,Xy,11
Coleoptera,Chrysomelidae,Omophoita_annularis,Xy,11
Coleoptera,Chrysomelidae,Omophoita_clerica,Xyy,11
Coleoptera,Chrysomelidae,Omophoita_cyanipennis_octomaculata,Xy,11
Coleoptera,Chrysomelidae,Omophoita_latitarsis,Xy,11
Coleoptera,Chrysomelidae,Omophoita_luta,Xy,12
Coleoptera,Chrysomelidae,Omophoita_magniguttis,Xy,11
Coleoptera,Chrysomelidae,Omophoita_octoguttata,Xy,11
Coleoptera,Chrysomelidae,Omophoita_persota,Xy,11
Coleoptera,Chrysomelidae,Omophoita_quadrinotata,Xy,11
Coleoptera,Chrysomelidae,Omophoita_sexnotata,Xy,11
Coleoptera,Chrysomelidae,Omophoita_superba,Xy,11
Coleoptera,Chrysomelidae,Ophraella_conferta,NeoXY,12
Coleoptera,Chrysomelidae,Ophraella_cribata,NeoXY,12
Coleoptera,Chrysomelidae,Ophraella_notata,XY,18
Coleoptera,Chrysomelidae,Ophraella_notulata,XY,18
Coleoptera,Chrysomelidae,Ophraella_pilosa,XY,17
Coleoptera,Chrysomelidae,Ophraella_sexvittata,NeoXY,12
Coleoptera,Chrysomelidae,Ophrida_marmorea,Xyp,16
Coleoptera,Chrysomelidae,Oreina_elongata,Xyp,12
Coleoptera,Chrysomelidae,Oreina_fairmairiana,Xyp,12
Coleoptera,Chrysomelidae,Oreina_ganglbaueri,Xyp,12
Coleoptera,Chrysomelidae,Oreina_intricata,Xyp,12
Coleoptera,Chrysomelidae,Oreina_variabilis,Xyp,12
Coleoptera,Chrysomelidae,Oreina_virgulata,Xyp,12
Coleoptera,Chrysomelidae,Oreinana_alpestris,Xyp,12
Coleoptera,Chrysomelidae,Oreinana_cacaliae,Xyp,12
Coleoptera,Chrysomelidae,Oulema_astrosuturalis,XY,10
Coleoptera,Chrysomelidae,Oulema_downesi,Xyp,11
Coleoptera,Chrysomelidae,Oulema_gallaecia,Xyp,8
Coleoptera,Chrysomelidae,Oulema_hoffmannseggi,Xyp,8
Coleoptera,Chrysomelidae,Oulema_melanopus,Xyp,8
Coleoptera,Chrysomelidae,Oulema_tristis,Xyp,8
Coleoptera,Chrysomelidae,Oxylepus_deflexicollis,Xyp,9
Coleoptera,Chrysomelidae,Pachybrachus_azuereus,Xyr,8
Coleoptera,Chrysomelidae,Pachybrachus_bivittatus,Xyr,8
Coleoptera,Chrysomelidae,Pachybrachus_catalonicus,Xyr,8
Coleoptera,Chrysomelidae,Pachybrachus_melanostrictus,Xyr,8
Coleoptera,Chrysomelidae,Pachybrachus_peccans,Xyr,8
Coleoptera,Chrysomelidae,Pachybrachus_petitpierrei,Xyr,8
Coleoptera,Chrysomelidae,Pachymerus_chinensis,Xyp,10
Coleoptera,Chrysomelidae,Paranaita_bilimbata,Xy,11
Coleoptera,Chrysomelidae,Paranaita_sanguinipes,Xy,11
Coleoptera,Chrysomelidae,Paranapiaca_connexa,XO,10
Coleoptera,Chrysomelidae,Paranapiaca_significata,XO,10
Coleoptera,Chrysomelidae,Paranapiaca_tricincta,XO,12
Coleoptera,Chrysomelidae,Paraselenis_flava,Xyp,21
Coleoptera,Chrysomelidae,Parasyphraea_sp._1,Xyp,10
Coleoptera,Chrysomelidae,Paratriarius_curtisii,XO,12
Coleoptera,Chrysomelidae,Paratriarius_dorsata,XO,10
Coleoptera,Chrysomelidae,Paria_sp._1,Xyp,8
Coleoptera,Chrysomelidae,Paria_sp._2,Xyp,8
Coleoptera,Chrysomelidae,Paridea_sp._1,XY,20
Coleoptera,Chrysomelidae,Paropsis_aegrota,Xyp,12
Coleoptera,Chrysomelidae,Paropsis_atomaria,Xyp,12
Coleoptera,Chrysomelidae,Paropsis_porosa,Xyp,12
Coleoptera,Chrysomelidae,Paropsis_rubidipes,Xyp,12
Coleoptera,Chrysomelidae,Paropsisterna_beata,Xyp,12
Coleoptera,Chrysomelidae,Paropsisterna_nucea,Xyp,12
Coleoptera,Chrysomelidae,Paropsisterna_octosignata,Xyp,12
Coleoptera,Chrysomelidae,Phaedon_affine,Xyp,17
Coleoptera,Chrysomelidae,Phaedon_cochleariae,Xyp,17
Coleoptera,Chrysomelidae,Phaedon_consimile,Xyp,17
Coleoptera,Chrysomelidae,Phaedon_cyanopterum,Xyp,17
Coleoptera,Chrysomelidae,Phaedon_tumidulus,Xyp,17
Coleoptera,Chrysomelidae,Phanaeta_aida,Xyp,10
Coleoptera,Chrysomelidae,Phenrica_aequinoctialiformis,Xyy,20
Coleoptera,Chrysomelidae,Phenrica_austriaca,Xyyy,23
Coleoptera,Chrysomelidae,Philhydronopa_sp._1,Xyp,12
Coleoptera,Chrysomelidae,Phratora_laticollis,Xyp,17
Coleoptera,Chrysomelidae,Phratora_polaris,Xyp,17
Coleoptera,Chrysomelidae,Phratora_tibialis,Xyp,17
Coleoptera,Chrysomelidae,Phratora_vitellinae,Xyp,17
Coleoptera,Chrysomelidae,Phratora_vulgatissima,Xyp,17
Coleoptera,Chrysomelidae,Phyllotreta_diademata,Xyp,15
Coleoptera,Chrysomelidae,Phyllotreta_fallax,Xyp,16
Coleoptera,Chrysomelidae,Phyllotreta_nemorum,Xyp,16
Coleoptera,Chrysomelidae,Plagiodera_atritarsis,Xyp,15
Coleoptera,Chrysomelidae,Plagiodera_erythroptera,Xyp,15
Coleoptera,Chrysomelidae,Plagiodera_rufescens,Xyp,15
Coleoptera,Chrysomelidae,Plagiodera_versicolora,Xyp,14
Coleoptera,Chrysomelidae,Platycorinus_modestus,Xyp,14
Coleoptera,Chrysomelidae,Platycorinus_modestus,Xyp,15
Coleoptera,Chrysomelidae,Platycorinus_peregrinus,XY,14
Coleoptera,Chrysomelidae,Platycorinus_peregrinus,Xyp,14
Coleoptera,Chrysomelidae,Platycorinus_peregrinus,Xyp,15
Coleoptera,Chrysomelidae,Platycorinus_sp._1,Xyp,13
Coleoptera,Chrysomelidae,Platyphora_aulica,Xyp,12
Coleoptera,Chrysomelidae,Platyphora_spectablis,Xyp,12
Coleoptera,Chrysomelidae,Platypria_hystrix,Xyp,8
Coleoptera,Chrysomelidae,Platyprosopus_rubidus,Xyp,11
Coleoptera,Chrysomelidae,Podagrica_fuscicornis,Xyp,20
Coleoptera,Chrysomelidae,Podagrica_fuscipes,Xyp,20
Coleoptera,Chrysomelidae,Podagrica_malvae,Xyp,20
Coleoptera,Chrysomelidae,Podagrica_menestriesi,Xyp,20
Coleoptera,Chrysomelidae,Polyconia_caroli,Xyp,8
Coleoptera,Chrysomelidae,Psylliodes_affinis,NeoXY,10
Coleoptera,Chrysomelidae,Psylliodes_algirica,Xyp,15
Coleoptera,Chrysomelidae,Psylliodes_chrysocephalus,Xyp,18
Coleoptera,Chrysomelidae,Psylliodes_circumdata,Xyp,16
Coleoptera,Chrysomelidae,Psylliodes_cupreus,Xyp,17
Coleoptera,Chrysomelidae,Psylliodes_dulcamarae,NeoXY,14
Coleoptera,Chrysomelidae,Psylliodes_marcidus,Xyp,17
Coleoptera,Chrysomelidae,Psylliodes_napi,Xyp,17
Coleoptera,Chrysomelidae,Psylliodes_obscuroaeneus,Xyp,16
Coleoptera,Chrysomelidae,Psylliodes_thlaspis,Xyp,17
Coleoptera,Chrysomelidae,Pyrrhalta_viburni,Xyp,18
Coleoptera,Chrysomelidae,Rhytidocassis_indicola,Xyp,9
Coleoptera,Chrysomelidae,Sagra_femorata,NeoXY,8
Coleoptera,Chrysomelidae,Sceloenopla_mantecada,Xyp,9
Coleoptera,Chrysomelidae,Sermylassa_halensis,Xyp,22
Coleoptera,Chrysomelidae,Smaragdina_longicornis,Xyp,12
Coleoptera,Chrysomelidae,Smaragdina_mungphuensis,XY,12
Coleoptera,Chrysomelidae,Spermophagus_latescenta,XY,16
Coleoptera,Chrysomelidae,Spermophagus_latescenta,Xyp,16
Coleoptera,Chrysomelidae,Sphaeroderma_rubidum,XY,26
Coleoptera,Chrysomelidae,Sphaeroderma_testaceum,XY,26
Coleoptera,Chrysomelidae,Spintherophyta_sp._1,Xyp,6
Coleoptera,Chrysomelidae,Sterromela_interlita,Xyp,12
Coleoptera,Chrysomelidae,Sterromela_lineata,Xyp,12
Coleoptera,Chrysomelidae,Stolas_chalybeus,Xyp,12
Coleoptera,Chrysomelidae,Stolas_festiva,Xyp,11
Coleoptera,Chrysomelidae,Stolas_festiva,Xyp,12
Coleoptera,Chrysomelidae,Stolas_lacordairei,Xyp,15
Coleoptera,Chrysomelidae,Stolas_redtenbacheri,Xy,13
Coleoptera,Chrysomelidae,Stolas_sp._1,XXNeoXYp,15
Coleoptera,Chrysomelidae,Strabala_ambulans_puertoricensis,XXY,16
Coleoptera,Chrysomelidae,Strabala_ambulans_puertoricensis,XXY,17
Coleoptera,Chrysomelidae,Strichosa_eburata,Xyp,12
Coleoptera,Chrysomelidae,Syphraea_cubana,Xy,12
Coleoptera,Chrysomelidae,Syphraea_cylindrica,Xy,12
Coleoptera,Chrysomelidae,Syphraea_quintanillai,XO,10
Coleoptera,Chrysomelidae,Systena_basalis,NeoXY,16
Coleoptera,Chrysomelidae,Talurus_rugosus,XY,8
Coleoptera,Chrysomelidae,Timarcha_affinis,Xyp,10
Coleoptera,Chrysomelidae,Timarcha_balearica,Xyp,11
Coleoptera,Chrysomelidae,Timarcha_calceata,Xyp,15
Coleoptera,Chrysomelidae,Timarcha_carmelee,Xyp,10
Coleoptera,Chrysomelidae,Timarcha_catalaunensis,Xyp,10
Coleoptera,Chrysomelidae,Timarcha_cyanescens,Xyp,10
Coleoptera,Chrysomelidae,Timarcha_erosa_vermiculata,Xyp,10
Coleoptera,Chrysomelidae,Timarcha_espanoli,Xyp,13
Coleoptera,Chrysomelidae,Timarcha_fallax,Xyp,10
Coleoptera,Chrysomelidae,Timarcha_geniculata,Xyp,10
Coleoptera,Chrysomelidae,Timarcha_goettingensis,Xyp,10
Coleoptera,Chrysomelidae,Timarcha_goettingensis_norman,Xyp,10
Coleoptera,Chrysomelidae,Timarcha_insparsa,Xyp,10
Coleoptera,Chrysomelidae,Timarcha_intermedia,Xyp,10
Coleoptera,Chrysomelidae,Timarcha_interstitialis,Xyp,10
Coleoptera,Chrysomelidae,Timarcha_intricata,Xyp,22
Coleoptera,Chrysomelidae,Timarcha_laevigata,Xyp,14
Coleoptera,Chrysomelidae,Timarcha_lugens,Xyp,10
Coleoptera,Chrysomelidae,Timarcha_marginicollis,Xyp,10
Coleoptera,Chrysomelidae,Timarcha_maritima,Xyp,10
Coleoptera,Chrysomelidae,Timarcha_metallica,Xyp,19
Coleoptera,Chrysomelidae,Timarcha_metallica,Xyp,10
Coleoptera,Chrysomelidae,Timarcha_monserratensis,Xyp,10
Coleoptera,Chrysomelidae,Timarcha_parvicollis_seidlitzi,Xyp,12
Coleoptera,Chrysomelidae,Timarcha_perezi,Xyp,10
Coleoptera,Chrysomelidae,Timarcha_pimelioides,Xyp,14
Coleoptera,Chrysomelidae,Timarcha_pratensis,Xyp,13
Coleoptera,Chrysomelidae,Timarcha_recticollis,Xyp,10
Coleoptera,Chrysomelidae,Timarcha_rugosa,Xyp,13
Coleoptera,Chrysomelidae,Timarcha_scabripennis,Xyp,12
Coleoptera,Chrysomelidae,Timarcha_sicelidis,Xyp,10
Coleoptera,Chrysomelidae,Timarcha_sinuatocollis,Xyp,10
Coleoptera,Chrysomelidae,Timarcha_strangulata,Xyp,14
Coleoptera,Chrysomelidae,Timarcha_tangeria,Xyp,13
Coleoptera,Chrysomelidae,Timarcha_tenebricosa,Xyp,11
Coleoptera,Chrysomelidae,Timarcha_ventricosa,Xyp,13
Coleoptera,Chrysomelidae,Trirhabda_cadensis,XO,15
Coleoptera,Chrysomelidae,Trirhabda_cadensis,Xyp,15
Coleoptera,Chrysomelidae,Trirhabda_cadensis,Xyp,16
Coleoptera,Chrysomelidae,Typophorus_nigritus,Xyp,10
Coleoptera,Chrysomelidae,Typophorus_nigritus,Xyyp,10
Coleoptera,Chrysomelidae,Uroplata_girardi,Xyp,10
Coleoptera,Chrysomelidae,Uroplata_nigritarsis,Xyp,10
Coleoptera,Chrysomelidae,Walterianella_eugenia,Xy,11
Coleoptera,Chrysomelidae,Walterianella_humilis,Xy,11
Coleoptera,Chrysomelidae,Walterianella_nr._humilis_sp._1,Xy,11
Coleoptera,Chrysomelidae,Walterianella_nr._Opthalmica_sp._1,Xy,11
Coleoptera,Chrysomelidae,Walterianella_opthalmica,Xy,11
Coleoptera,Chrysomelidae,Walterianella_sp._1,Xy,11
Coleoptera,Chrysomelidae,Walterianella_sp._2,Xy,11
Coleoptera,Chrysomelidae,Walterianella_venusta,Xy,23
Coleoptera,Chrysomelidae,Xanthogaleruca_luteola,Xyp,36
Coleoptera,Chrysomelidae,Yingaresca_obliterata,NeoXY,20
Coleoptera,Chrysomelidae,Yingaresca_variicornis,Xyp,13
Coleoptera,Chrysomelidae,Zygogramma_bicolorata,Xyp,12
Coleoptera,Chrysomelidae,Zygogramma_bigenera,XO,12
Coleoptera,Chrysomelidae,Zygogramma_tetragramma,XO,14