Order,Family,species,haploid,SCS
Diptera,Drosophilidae,Adetoxenus_Formosus,6,
Diptera,Drosophilidae,Antopocerus_aduncus,6,
Diptera,Drosophilidae,Antopocerus_aduncus_or_damphidiopodus?,6,
Diptera,Drosophilidae,Antopocerus_arcuatus,6,
Diptera,Drosophilidae,Antopocerus_cognatus,6,
Diptera,Drosophilidae,Antopocerus_diamphidiopodus,6,
Diptera,Drosophilidae,Antopocerus_tanythrix,6,
Diptera,Drosophilidae,Antopocerus_villosus,6,
Diptera,Drosophilidae,Bunostoma_anomala,5,
Diptera,Drosophilidae,Bunostoma_anomala,5,
Diptera,Drosophilidae,Bunostoma_anomala,5,
Diptera,Drosophilidae,Bunostoma_anomala,5,
Diptera,Drosophilidae,Bunostoma_anomala,5,
Diptera,Drosophilidae,Bunostoma_anomala,5,
Diptera,Drosophilidae,Bunostoma_n._sp._Near_anomala,4,
Diptera,Drosophilidae,Bunostoma_n._sp._Near_anomala,4,
Diptera,Drosophilidae,Bunostoma_n._sp._Near_anomala,4,
Diptera,Drosophilidae,Bunostoma_n._sp._Near_anomala,4,
Diptera,Drosophilidae,Bunostoma_palmae,5,
Diptera,Drosophilidae,Bunostoma_palmae,5,
Diptera,Drosophilidae,Bunostoma_palmae,5,
Diptera,Drosophilidae,Bunostoma_palmae,5,
Diptera,Drosophilidae,Bunostoma_palmae,5,
Diptera,Drosophilidae,Bunostoma_palmae,5,
Diptera,Drosophilidae,Bunostoma_varifrons,5,
Diptera,Drosophilidae,Bunostoma_varifrons,5,
Diptera,Drosophilidae,Bunostoma_varifrons,5,
Diptera,Drosophilidae,Bunostoma_xanthopleura,5,
Diptera,Drosophilidae,Bunostoma_xanthopleura,5,
Diptera,Drosophilidae,Bunostoma_xanthopleura,5,
Diptera,Drosophilidae,Bunostoma_xanthopleura,5,
Diptera,Drosophilidae,Bunostoma_xanthopleura,5,
Diptera,Drosophilidae,Cacoxenus_indigator,4,
Diptera,Drosophilidae,Chymomyza_aldrichii,4,XY
Diptera,Drosophilidae,Chymomyza_amoena,4,XY
Diptera,Drosophilidae,Chymomyza_amoena,4,
Diptera,Drosophilidae,Chymomyza_costata,4,
Diptera,Drosophilidae,Chymomyza_coxata,4,
Diptera,Drosophilidae,Chymomyza_procnemis,4,
Diptera,Drosophilidae,Chymomyza_wirthii,4,XY
Diptera,Drosophilidae,Cladochaeta_nebulosa,4,
Diptera,Drosophilidae,Dettopsomyia_nigrovittata,5,
Diptera,Drosophilidae,"Drosophila_""melanissima""",5,XY
Diptera,Drosophilidae,Drosophila_acanthoptera,5,XY
Diptera,Drosophilidae,Drosophila_acanthoptera,5,XY
Diptera,Drosophilidae,Drosophila_acutilabella,4,
Diptera,Drosophilidae,Drosophila_acutilabella,4,XY
Diptera,Drosophilidae,Drosophila_adiastola,6,
Diptera,Drosophilidae,Drosophila_adiastola,6,
Diptera,Drosophilidae,Drosophila_adunca,6,
Diptera,Drosophilidae,Drosophila_afer,5,XY
Diptera,Drosophilidae,Drosophila_affinidisjuncta,6,
Diptera,Drosophilidae,Drosophila_affinis,5,XY
Diptera,Drosophilidae,Drosophila_affinis,5,
Diptera,Drosophilidae,Drosophila_affinis,5,
Diptera,Drosophilidae,Drosophila_affinis,5,XY
Diptera,Drosophilidae,Drosophila_affinis,5,XY
Diptera,Drosophilidae,Drosophila_aglaia,6,
Diptera,Drosophilidae,Drosophila_agumbensis,4,XY
Diptera,Drosophilidae,Drosophila_airzonensis,6,XY
Diptera,Drosophilidae,Drosophila_albirostris,6,XY
Diptera,Drosophilidae,Drosophila_albirostris,6,XY
Diptera,Drosophilidae,Drosophila_albomicans,3,
Diptera,Drosophilidae,Drosophila_albomicans,4,XY
Diptera,Drosophilidae,Drosophila_alboralis,6,
Diptera,Drosophilidae,Drosophila_aldrichi,6,XY
Diptera,Drosophilidae,Drosophila_aldrichi,6,XY
Diptera,Drosophilidae,Drosophila_aldrichi,6,XY
Diptera,Drosophilidae,Drosophila_aldrichi,6,XY
Diptera,Drosophilidae,Drosophila_aldrichi,6,XY
Diptera,Drosophilidae,Drosophila_alexandrei,4,
Diptera,Drosophilidae,Drosophila_algonquin,5,XY
Diptera,Drosophilidae,Drosophila_algonquin,5,
Diptera,Drosophilidae,Drosophila_algonquin,5,
Diptera,Drosophilidae,Drosophila_algonquin,5,XY
Diptera,Drosophilidae,Drosophila_alpina,3,
Diptera,Drosophilidae,Drosophila_alsophila,6,
Diptera,Drosophilidae,Drosophila_altiplanica,5,
Diptera,Drosophilidae,Drosophila_ambigua,5,XY
Diptera,Drosophilidae,Drosophila_ambigua,5,XY
Diptera,Drosophilidae,Drosophila_americana,4,
Diptera,Drosophilidae,Drosophila_americana,4,XY
Diptera,Drosophilidae,Drosophila_americana,4,
Diptera,Drosophilidae,Drosophila_americana,4,
Diptera,Drosophilidae,Drosophila_amplilobus,5,
Diptera,Drosophilidae,Drosophila_amplilobus,5,
Diptera,Drosophilidae,Drosophila_ananassae,4,
Diptera,Drosophilidae,Drosophila_ananassae,4,XY
Diptera,Drosophilidae,Drosophila_ananassae,4,XY
Diptera,Drosophilidae,Drosophila_ananassae,4,XY
Diptera,Drosophilidae,Drosophila_anceps,6,XY
Diptera,Drosophilidae,Drosophila_anceps,6,XY
Diptera,Drosophilidae,Drosophila_andamensis,4,XY
Diptera,Drosophilidae,Drosophila_andamensis,4,XY
Diptera,Drosophilidae,Drosophila_andamensis,4,XY
Diptera,Drosophilidae,Drosophila_andina,5,XY
Diptera,Drosophilidae,Drosophila_angularis,6,
Diptera,Drosophilidae,Drosophila_angustibucca,6,
Diptera,Drosophilidae,Drosophila_annulimana,5,XO
Diptera,Drosophilidae,Drosophila_annulipes,3,XY
Diptera,Drosophilidae,Drosophila_annulipes,3,
Diptera,Drosophilidae,Drosophila_anomalipes,6,
Diptera,Drosophilidae,Drosophila_anomelani,4,XY
Diptera,Drosophilidae,Drosophila_anomelani,4,XY
Diptera,Drosophilidae,Drosophila_anoplastoma,6,
Diptera,Drosophilidae,Drosophila_antilla,4,
Diptera,Drosophilidae,Drosophila_aracea,3,
Diptera,Drosophilidae,Drosophila_aracea,3,
Diptera,Drosophilidae,Drosophila_aracea,3,
Diptera,Drosophilidae,Drosophila_aracea,3,
Diptera,Drosophilidae,Drosophila_araicas,5,
Diptera,Drosophilidae,Drosophila_arapuan,4,XY
Diptera,Drosophilidae,Drosophila_ararama,5,
Diptera,Drosophilidae,Drosophila_arassari,6,XY
Diptera,Drosophilidae,Drosophila_arauana,6,
Diptera,Drosophilidae,Drosophila_araucana,6,XY
Diptera,Drosophilidae,Drosophila_arauna,6,
Diptera,Drosophilidae,Drosophila_arawakana,4,
Diptera,Drosophilidae,Drosophila_arawakana,4,XY
Diptera,Drosophilidae,Drosophila_arawakana_kittensis,4,
Diptera,Drosophilidae,Drosophila_arcuata,6,
Diptera,Drosophilidae,Drosophila_argentostriata,6,
Diptera,Drosophilidae,Drosophila_arizonensis,6,XY
Diptera,Drosophilidae,Drosophila_arizonensis,6,XY
Diptera,Drosophilidae,Drosophila_asketostoma,6,
Diptera,Drosophilidae,Drosophila_asper,6,
Diptera,Drosophilidae,Drosophila_assita,6,
Diptera,Drosophilidae,Drosophila_atalaia,3,XY
Diptera,Drosophilidae,Drosophila_athabasca,5,XY
Diptera,Drosophilidae,Drosophila_athabasca,5,
Diptera,Drosophilidae,Drosophila_athabasca,5,
Diptera,Drosophilidae,Drosophila_athabasca,5,
Diptera,Drosophilidae,Drosophila_athabasca,5,XY
Diptera,Drosophilidae,Drosophila_atrata,6,
Diptera,Drosophilidae,Drosophila_atrata,6,XY
Diptera,Drosophilidae,Drosophila_atrimentum,6,
Diptera,Drosophilidae,Drosophila_atripex,4,XY
Diptera,Drosophilidae,Drosophila_atripex,4,XY
Diptera,Drosophilidae,Drosophila_atroscutellata,6,
Diptera,Drosophilidae,Drosophila_attigua,6,
Diptera,Drosophilidae,Drosophila_auraria,4,XY
Diptera,Drosophilidae,Drosophila_auraria,4,XY
Diptera,Drosophilidae,Drosophila_auraria,4,XY
Diptera,Drosophilidae,Drosophila_aureata,6,XY
Diptera,Drosophilidae,Drosophila_austrosaltans,3,
Diptera,Drosophilidae,Drosophila_azteca,5,XY
Diptera,Drosophilidae,Drosophila_azteca,5,
Diptera,Drosophilidae,Drosophila_azteca,5,
Diptera,Drosophilidae,Drosophila_azteca,5,
Diptera,Drosophilidae,Drosophila_azteca,5,XY
Diptera,Drosophilidae,Drosophila_baelladunni,4,
Diptera,Drosophilidae,Drosophila_baimaii,4,XY
Diptera,Drosophilidae,Drosophila_baimaii,3,XY
Diptera,Drosophilidae,Drosophila_baimaii,4,XY
Diptera,Drosophilidae,Drosophila_bakoue,4,
Diptera,Drosophilidae,Drosophila_bakoue,4,XY
Diptera,Drosophilidae,Drosophila_balioptera,6,
Diptera,Drosophilidae,Drosophila_bandeirantorum,6,XY
Diptera,Drosophilidae,Drosophila_barbarae,4,XY
Diptera,Drosophilidae,Drosophila_barbarae,3,XY
Diptera,Drosophilidae,Drosophila_barbarae,4,XY
Diptera,Drosophilidae,Drosophila_basimacula,6,
Diptera,Drosophilidae,Drosophila_basisetae,6,
Diptera,Drosophilidae,Drosophila_bedicheki,4,
Diptera,Drosophilidae,Drosophila_belladunni,4,XY
Diptera,Drosophilidae,Drosophila_betari,5,XY
Diptera,Drosophilidae,Drosophila_biarmipes,4,XY
Diptera,Drosophilidae,Drosophila_biarmipes,4,XY
Diptera,Drosophilidae,Drosophila_biauraria,3,XY
Diptera,Drosophilidae,Drosophila_bicornuta,4,XY
Diptera,Drosophilidae,Drosophila_bifasciata,5,
Diptera,Drosophilidae,Drosophila_bifasciata,5,XY
Diptera,Drosophilidae,Drosophila_bifasicata,5,XY
Diptera,Drosophilidae,Drosophila_bifurca,6,XY
Diptera,Drosophilidae,Drosophila_bifurca,6,XY
Diptera,Drosophilidae,Drosophila_bifurca,6,XY
Diptera,Drosophilidae,Drosophila_bifurca,6,
Diptera,Drosophilidae,Drosophila_bifurca_I,6,XY
Diptera,Drosophilidae,Drosophila_bifurca_II,6,XY
Diptera,Drosophilidae,Drosophila_biopaca,3,
Diptera,Drosophilidae,Drosophila_bipectinata,4,XY
Diptera,Drosophilidae,Drosophila_bipectinata,4,
Diptera,Drosophilidae,Drosophila_bipunctata,6,XY
Diptera,Drosophilidae,Drosophila_birchii,4,XY
Diptera,Drosophilidae,Drosophila_birchii,4,XY
Diptera,Drosophilidae,Drosophila_birchii,4,
Diptera,Drosophilidae,Drosophila_biseriata,5,
Diptera,Drosophilidae,Drosophila_biseriata-like,6,
Diptera,Drosophilidae,Drosophila_bizonata,4,XY
Diptera,Drosophilidae,Drosophila_blumelae,6,XY
Diptera,Drosophilidae,Drosophila_bocainensis,3,XY
Diptera,Drosophilidae,Drosophila_bocainensis,3,XY
Diptera,Drosophilidae,Drosophila_bocainensis,3,
Diptera,Drosophilidae,Drosophila_bocainoides,3,
Diptera,Drosophilidae,Drosophila_bocki,4,XY
Diptera,Drosophilidae,Drosophila_bocki,4,XY
Diptera,Drosophilidae,Drosophila_bocki,4,XY
Diptera,Drosophilidae,Drosophila_bocqueti,4,
Diptera,Drosophilidae,Drosophila_bocqueti,4,XY
Diptera,Drosophilidae,Drosophila_borborema,6,
Diptera,Drosophilidae,Drosophila_borborema,6,
Diptera,Drosophilidae,Drosophila_borealis,5,
Diptera,Drosophilidae,Drosophila_borealis,6,
Diptera,Drosophilidae,Drosophila_borealis,6,
Diptera,Drosophilidae,Drosophila_bostrycha,6,
Diptera,Drosophilidae,Drosophila_brachynephros,6,
Diptera,Drosophilidae,Drosophila_brevicarinata,6,XY
Diptera,Drosophilidae,Drosophila_briegeri,4,
Diptera,Drosophilidae,Drosophila_briegeri,4,XY
Diptera,Drosophilidae,Drosophila_briegeri,4,XY
Diptera,Drosophilidae,Drosophila_bristle_foot,5,
Diptera,Drosophilidae,Drosophila_brncici,5,
Diptera,Drosophilidae,Drosophila_brncici,5,
Diptera,Drosophilidae,Drosophila_bromeliae,4,XY
Diptera,Drosophilidae,Drosophila_bromeliae,4,
Diptera,Drosophilidae,Drosophila_bromelioides,4,XY
Diptera,Drosophilidae,Drosophila_bromelioides,4,XY
Diptera,Drosophilidae,Drosophila_brooksae,4,XY
Diptera,Drosophilidae,Drosophila_brunneipalpa,6,XY
Diptera,Drosophilidae,Drosophila_brunneipennis,6,
Diptera,Drosophilidae,Drosophila_bryani,3,
Diptera,Drosophilidae,Drosophila_busckii,3,
Diptera,Drosophilidae,Drosophila_busckii,3,XY
Diptera,Drosophilidae,Drosophila_buzzatii,6,XY
Diptera,Drosophilidae,Drosophila_buzzatii,6,XY
Diptera,Drosophilidae,Drosophila_buzzatii,6,XY
Diptera,Drosophilidae,Drosophila_californica,4,
Diptera,Drosophilidae,Drosophila_calloptera,5,XY
Diptera,Drosophilidae,Drosophila_calloptera,5,
Diptera,Drosophilidae,Drosophila_camargoi,4,
Diptera,Drosophilidae,Drosophila_camargoi,4,XY
Diptera,Drosophilidae,Drosophila_camaronensis,5,
Diptera,Drosophilidae,Drosophila_canalinea,3,XY
Diptera,Drosophilidae,Drosophila_canalinea,4,
Diptera,Drosophilidae,Drosophila_canalinioides,6,XY
Diptera,Drosophilidae,Drosophila_canalinioides,6,XY
Diptera,Drosophilidae,Drosophila_canapalpa,6,XY
Diptera,Drosophilidae,Drosophila_canapalpa,6,
Diptera,Drosophilidae,Drosophila_cancellata,5,
Diptera,Drosophilidae,Drosophila_caponei,4,
Diptera,Drosophilidae,Drosophila_capricorni,3,XY
Diptera,Drosophilidae,Drosophila_carbonaria,6,
Diptera,Drosophilidae,Drosophila_carcinophila,5,
Diptera,Drosophilidae,Drosophila_cardini,6,XY
Diptera,Drosophilidae,Drosophila_cardini,6,
Diptera,Drosophilidae,Drosophila_cardini,4,
Diptera,Drosophilidae,Drosophila_cardini,6,
Diptera,Drosophilidae,Drosophila_cardini,4,
Diptera,Drosophilidae,Drosophila_cardini,6,XY
Diptera,Drosophilidae,Drosophila_cardini,6,XY
Diptera,Drosophilidae,Drosophila_cardini,6,XY
Diptera,Drosophilidae,Drosophila_cardini,6,XY
Diptera,Drosophilidae,Drosophila_cardini,6,XY
Diptera,Drosophilidae,Drosophila_cardinoides,4,XY
Diptera,Drosophilidae,Drosophila_cardinoides,4,
Diptera,Drosophilidae,Drosophila_cardinoides,4,
Diptera,Drosophilidae,Drosophila_cardinoides,4,XY
Diptera,Drosophilidae,Drosophila_caribaiana,4,
Diptera,Drosophilidae,Drosophila_carsoni,6,
Diptera,Drosophilidae,Drosophila_castanea,4,XY
Diptera,Drosophilidae,Drosophila_castanea,4,XY
Diptera,Drosophilidae,Drosophila_castanea,4,
Diptera,Drosophilidae,Drosophila_castanea,4,
Diptera,Drosophilidae,Drosophila_castanea,4,
Diptera,Drosophilidae,Drosophila_castanea,4,
Diptera,Drosophilidae,Drosophila_castanea,4,
Diptera,Drosophilidae,Drosophila_castanea,4,XY
Diptera,Drosophilidae,Drosophila_castanea,4,XY
Diptera,Drosophilidae,Drosophila_castanea,4,
Diptera,Drosophilidae,Drosophila_centralis,6,XY
Diptera,Drosophilidae,Drosophila_chaetopeza,6,
Diptera,Drosophilidae,Drosophila_chamundiensis,4,XY
Diptera,Drosophilidae,Drosophila_cheda,4,XY
Diptera,Drosophilidae,Drosophila_ciliaticrus,6,
Diptera,Drosophilidae,Drosophila_cilifemorata,6,
Diptera,Drosophilidae,Drosophila_cilifera,6,
Diptera,Drosophilidae,Drosophila_circumdata,6,XY
Diptera,Drosophilidae,Drosophila_clavisetae,6,
Diptera,Drosophilidae,Drosophila_claytonae,6,
Diptera,Drosophilidae,Drosophila_cognata,6,
Diptera,Drosophilidae,Drosophila_colorata,6,XY
Diptera,Drosophilidae,Drosophila_comatifemora,6,
Diptera,Drosophilidae,Drosophila_confusa,6,
Diptera,Drosophilidae,Drosophila_confusa,6,
Diptera,Drosophilidae,Drosophila_confusa,5,
Diptera,Drosophilidae,Drosophila_conjectura,6,
Diptera,Drosophilidae,Drosophila_conjectura,6,
Diptera,Drosophilidae,Drosophila_conspicua,6,
Diptera,Drosophilidae,Drosophila_converga,6,
Diptera,Drosophilidae,Drosophila_coracina,4,XY
Diptera,Drosophilidae,Drosophila_coracina,4,XY
Diptera,Drosophilidae,Drosophila_cordata,3,
Diptera,Drosophilidae,Drosophila_coroica,6,
Diptera,Drosophilidae,Drosophila_coroica_paraguttata,6,XY
Diptera,Drosophilidae,Drosophila_crassifemur,5,
Diptera,Drosophilidae,Drosophila_crocina,6,XY
Diptera,Drosophilidae,Drosophila_crocina,6,XY
Diptera,Drosophilidae,Drosophila_crocina,6,XY
Diptera,Drosophilidae,Drosophila_crucigera,6,
Diptera,Drosophilidae,Drosophila_crucigera,6,
Diptera,Drosophilidae,Drosophila_crucigera,6,
Diptera,Drosophilidae,Drosophila_crucigera,6,
Diptera,Drosophilidae,Drosophila_crucigera,6,
Diptera,Drosophilidae,Drosophila_crucigera,6,
Diptera,Drosophilidae,Drosophila_crucigera,6,
Diptera,Drosophilidae,Drosophila_crucigera,6,
Diptera,Drosophilidae,Drosophila_crucigera,6,
Diptera,Drosophilidae,Drosophila_crucigera,6,
Diptera,Drosophilidae,Drosophila_crucigera,6,
Diptera,Drosophilidae,Drosophila_crucigera,6,
Diptera,Drosophilidae,Drosophila_crucigera,6,
Diptera,Drosophilidae,Drosophila_cuauhtemoci,5,
Diptera,Drosophilidae,Drosophila_curviceps,4,
Diptera,Drosophilidae,Drosophila_cyrtoloma,6,
Diptera,Drosophilidae,Drosophila_davidi,4,XY
Diptera,Drosophilidae,Drosophila_davidi,4,XY
Diptera,Drosophilidae,Drosophila_deltaneuron,4,
Diptera,Drosophilidae,Drosophila_denticulata,3,XY
Diptera,Drosophilidae,Drosophila_denticulata,4,XY
Diptera,Drosophilidae,Drosophila_denticulata,3,XY
Diptera,Drosophilidae,Drosophila_desertorum,6,
Diptera,Drosophilidae,Drosophila_diamphidiopoda,6,
Diptera,Drosophilidae,Drosophila_differens,6,
Diptera,Drosophilidae,Drosophila_digressa,6,
Diptera,Drosophilidae,Drosophila_diminuens,6,
Diptera,Drosophilidae,Drosophila_discreta,6,
Diptera,Drosophilidae,Drosophila_disjuncta,6,
Diptera,Drosophilidae,Drosophila_dissita,6,
Diptera,Drosophilidae,Drosophila_disticha,6,
Diptera,Drosophilidae,Drosophila_distinguenda,6,
Diptera,Drosophilidae,Drosophila_divaricata,6,
Diptera,Drosophilidae,Drosophila_dominicana,4,XY
Diptera,Drosophilidae,Drosophila_dominicana,4,XY
Diptera,Drosophilidae,Drosophila_dreyfusi,3,XY
Diptera,Drosophilidae,Drosophila_duncani,5,XY
Diptera,Drosophilidae,Drosophila_dunni,4,
Diptera,Drosophilidae,Drosophila_dunni,4,XY
Diptera,Drosophilidae,Drosophila_dunni_thomasensis,4,
Diptera,Drosophilidae,Drosophila_earlei,3,
Diptera,Drosophilidae,Drosophila_eilifera,6,
Diptera,Drosophilidae,Drosophila_elegans,5,XY
Diptera,Drosophilidae,Drosophila_elliptica,6,
Diptera,Drosophilidae,Drosophila_elliptica,3,
Diptera,Drosophilidae,Drosophila_elliptica,3,
Diptera,Drosophilidae,Drosophila_elliptica,3,
Diptera,Drosophilidae,Drosophila_emarginata,3,
Diptera,Drosophilidae,Drosophila_emarginata,3,
Diptera,Drosophilidae,Drosophila_emarginata,3,
Diptera,Drosophilidae,Drosophila_endobranchia,4,
Diptera,Drosophilidae,Drosophila_engyochracea,6,
Diptera,Drosophilidae,Drosophila_enigma,6,XY
Diptera,Drosophilidae,Drosophila_enigma,6,
Diptera,Drosophilidae,Drosophila_entrichocnema,6,
Diptera,Drosophilidae,Drosophila_eohydei,6,XY
Diptera,Drosophilidae,Drosophila_equinioxialis,3,XY
Diptera,Drosophilidae,Drosophila_ercepeae,4,XY
Diptera,Drosophilidae,Drosophila_ercepeae,4,XY
Diptera,Drosophilidae,Drosophila_erecta,4,XY
Diptera,Drosophilidae,Drosophila_erecta,4,XY
Diptera,Drosophilidae,Drosophila_erecta,4,
Diptera,Drosophilidae,Drosophila_eremophila,6,XY
Diptera,Drosophilidae,Drosophila_eremophila,6,
Diptera,Drosophilidae,Drosophila_eremophila,6,XY
Diptera,Drosophilidae,Drosophila_eskoi,5,XY
Diptera,Drosophilidae,Drosophila_eugracilis,4,XY
Diptera,Drosophilidae,Drosophila_eugracilis,3,XY
Diptera,Drosophilidae,Drosophila_euronotus,5,
Diptera,Drosophilidae,Drosophila_eurypeza,6,
Diptera,Drosophilidae,Drosophila_eurypeza,6,
Diptera,Drosophilidae,Drosophila_ezoana,6,
Diptera,Drosophilidae,Drosophila_ezoana,6,
Diptera,Drosophilidae,Drosophila_facialba,5,
Diptera,Drosophilidae,Drosophila_facialba,6,
Diptera,Drosophilidae,Drosophila_facialba,6,XY
Diptera,Drosophilidae,Drosophila_facialba,5,XY
Diptera,Drosophilidae,Drosophila_fairchildi,5,
Diptera,Drosophilidae,Drosophila_falleni,6,
Diptera,Drosophilidae,Drosophila_fasciculisetae,6,
Diptera,Drosophilidae,Drosophila_fasciola,6,XY
Diptera,Drosophilidae,Drosophila_fasciola,6,XY
Diptera,Drosophilidae,Drosophila_fascioloides,4,
Diptera,Drosophilidae,Drosophila_fascioloides,4,XY
Diptera,Drosophilidae,Drosophila_fascioloides,4,XY
Diptera,Drosophilidae,Drosophila_fascioloides,4,XY
Diptera,Drosophilidae,Drosophila_ficusphila,4,XY
Diptera,Drosophilidae,Drosophila_ficusphila,4,XY
Diptera,Drosophilidae,Drosophila_ficusphila,4,XY
Diptera,Drosophilidae,Drosophila_flavibasis,6,
Diptera,Drosophilidae,Drosophila_flavomontana,6,
Diptera,Drosophilidae,Drosophila_flavomontana,6,
Diptera,Drosophilidae,Drosophila_flavopilosa,6,
Diptera,Drosophilidae,Drosophila_flavopinicola,6,XY
Diptera,Drosophilidae,Drosophila_flavorepleta,6,XY
Diptera,Drosophilidae,Drosophila_flexipes,6,
Diptera,Drosophilidae,Drosophila_florae,4,XY
Diptera,Drosophilidae,Drosophila_formella,6,XY
Diptera,Drosophilidae,Drosophila_fragilis,5,
Diptera,Drosophilidae,Drosophila_fragilis,5,
Diptera,Drosophilidae,Drosophila_fragilis,7,XY
Diptera,Drosophilidae,Drosophila_freycinetiae,6,
Diptera,Drosophilidae,Drosophila_fuliginea,4,XY
Diptera,Drosophilidae,Drosophila_fulvalineata,6,XY
Diptera,Drosophilidae,Drosophila_fulvalineata,6,XY
Diptera,Drosophilidae,Drosophila_fulvalineata,6,XY
Diptera,Drosophilidae,Drosophila_fulvalineata,6,XY
Diptera,Drosophilidae,Drosophila_fulvalineata,6,XY
Diptera,Drosophilidae,Drosophila_fulvalineata,5,XY
Diptera,Drosophilidae,Drosophila_fulvimacula,6,
Diptera,Drosophilidae,Drosophila_fulvimacula,6,XY
Diptera,Drosophilidae,Drosophila_fulvimacula_flavorepleta,6,XY
Diptera,Drosophilidae,Drosophila_fulvimaculoides,6,XY
Diptera,Drosophilidae,Drosophila_fumida,4,XY
Diptera,Drosophilidae,Drosophila_fumipennis,3,XY
Diptera,Drosophilidae,Drosophila_fumipennis,3,
Diptera,Drosophilidae,Drosophila_fumosa,4,XY
Diptera,Drosophilidae,Drosophila_funebris,6,
Diptera,Drosophilidae,Drosophila_funebris,6,XY
Diptera,Drosophilidae,Drosophila_fuscoamoeba,6,
Diptera,Drosophilidae,Drosophila_gasici,5,
Diptera,Drosophilidae,Drosophila_gaucha,5,
Diptera,Drosophilidae,Drosophila_gaucha,5,
Diptera,Drosophilidae,Drosophila_gibberosa,5,XY
Diptera,Drosophilidae,Drosophila_giriensis,4,XY
Diptera,Drosophilidae,Drosophila_glabriapex,6,
Diptera,Drosophilidae,Drosophila_goureaui,6,
Diptera,Drosophilidae,Drosophila_gradata,6,
Diptera,Drosophilidae,Drosophila_greeni,4,
Diptera,Drosophilidae,Drosophila_greeni,4,XY
Diptera,Drosophilidae,Drosophila_greerae,6,XY
Diptera,Drosophilidae,Drosophila_grimshawi,6,
Diptera,Drosophilidae,Drosophila_grimshawi,6,
Diptera,Drosophilidae,Drosophila_grisea,6,XO
Diptera,Drosophilidae,Drosophila_griseolineata,6,XY
Diptera,Drosophilidae,Drosophila_griseolineata,6,
Diptera,Drosophilidae,Drosophila_guanche,5,XY
Diptera,Drosophilidae,Drosophila_guanche,5,
Diptera,Drosophilidae,Drosophila_guaraja,5,XY
Diptera,Drosophilidae,Drosophila_guaramunu,6,XY
Diptera,Drosophilidae,Drosophila_guaramunu,6,
Diptera,Drosophilidae,Drosophila_guaramunu,5,
Diptera,Drosophilidae,Drosophila_guarani,6,XY
Diptera,Drosophilidae,Drosophila_guarani,6,XY
Diptera,Drosophilidae,Drosophila_guaru,6,XY
Diptera,Drosophilidae,Drosophila_guaru,6,XY
Diptera,Drosophilidae,Drosophila_guttifera,6,XY
Diptera,Drosophilidae,Drosophila_gymnobasis,6,
Diptera,Drosophilidae,Drosophila_gymnophallus,6,
Diptera,Drosophilidae,Drosophila_hamatofila,6,XY
Diptera,Drosophilidae,Drosophila_hamatofila,6,XY
Diptera,Drosophilidae,Drosophila_hamatofila,6,XY
Diptera,Drosophilidae,Drosophila_hamifera,6,
Diptera,Drosophilidae,Drosophila_hanaulae,6,
Diptera,Drosophilidae,Drosophila_hawaiiensis,6,
Diptera,Drosophilidae,Drosophila_heedi,6,
Diptera,Drosophilidae,Drosophila_helvetica,5,
Diptera,Drosophilidae,Drosophila_helvetica,5,XY
Diptera,Drosophilidae,Drosophila_hemipeza,6,
Diptera,Drosophilidae,Drosophila_heterobristalis,4,XY
Diptera,Drosophilidae,Drosophila_heteroneura,6,
Diptera,Drosophilidae,Drosophila_hexachaetae,6,
Diptera,Drosophilidae,Drosophila_hexastigma,6,XY
Diptera,Drosophilidae,Drosophila_hexastigma,6,XY
Diptera,Drosophilidae,Drosophila_hexastriata,4,
Diptera,Drosophilidae,Drosophila_hirtipalpus,6,
Diptera,Drosophilidae,Drosophila_histrio,6,XY
Diptera,Drosophilidae,Drosophila_howensis,6,XY
Diptera,Drosophilidae,Drosophila_hydei,6,XY
Diptera,Drosophilidae,Drosophila_hydei,6,XY
Diptera,Drosophilidae,Drosophila_hydei,6,XY
Diptera,Drosophilidae,Drosophila_hydei,6,
Diptera,Drosophilidae,Drosophila_hydeoides,6,XY
Diptera,Drosophilidae,Drosophila_hydeoides,6,XY
Diptera,Drosophilidae,Drosophila_hypocausta,4,
Diptera,Drosophilidae,Drosophila_hystricosa,5,
Diptera,Drosophilidae,Drosophila_imaii,6,XY
Diptera,Drosophilidae,Drosophila_imaii,5,XY
Diptera,Drosophilidae,Drosophila_imeretensis,5,XY
Diptera,Drosophilidae,Drosophila_immigrans,4,XY
Diptera,Drosophilidae,Drosophila_immigrans,4,
Diptera,Drosophilidae,Drosophila_immigrans,4,XY
Diptera,Drosophilidae,Drosophila_immigrans,4,XY
Diptera,Drosophilidae,Drosophila_immigrans,4,XY
Diptera,Drosophilidae,Drosophila_immigrans,4,XY
Diptera,Drosophilidae,Drosophila_immigrans,4,XY
Diptera,Drosophilidae,Drosophila_immigrans,4,XY
Diptera,Drosophilidae,Drosophila_immigrans_I,4,XY
Diptera,Drosophilidae,Drosophila_immigrans_II,4,
Diptera,Drosophilidae,Drosophila_immigrans-like_n._sp,6,
Diptera,Drosophilidae,Drosophila_imparisetae,6,
Diptera,Drosophilidae,Drosophila_inca,6,
Diptera,Drosophilidae,Drosophila_inedita,6,
Diptera,Drosophilidae,Drosophila_inflatus,5,
Diptera,Drosophilidae,Drosophila_infuscata,6,
Diptera,Drosophilidae,Drosophila_ingens,6,
Diptera,Drosophilidae,Drosophila_innubila,6,XY
Diptera,Drosophilidae,Drosophila_innubila,6,XY
Diptera,Drosophilidae,Drosophila_insularis,3,
Diptera,Drosophilidae,Drosophila_ischnotrix,4,
Diptera,Drosophilidae,Drosophila_ischnotrix,4,
Diptera,Drosophilidae,Drosophila_ischnotrix,4,
Diptera,Drosophilidae,Drosophila_ischnotrix,4,
Diptera,Drosophilidae,Drosophila_jambulina,4,XY
Diptera,Drosophilidae,Drosophila_jambulina,4,XY
Diptera,Drosophilidae,Drosophila_jambulina,4,XY
Diptera,Drosophilidae,Drosophila_jambulina,4,XY
Diptera,Drosophilidae,Drosophila_jambulina,4,XY
Diptera,Drosophilidae,Drosophila_jambulina,4,XY
Diptera,Drosophilidae,Drosophila_johnstonae,6,XY
Diptera,Drosophilidae,Drosophila_kambysellisi,6,
Diptera,Drosophilidae,Drosophila_kanapiae,3,XY
Diptera,Drosophilidae,Drosophila_kanekoi,6,XY
Diptera,Drosophilidae,Drosophila_kauluai,6,
Diptera,Drosophilidae,Drosophila_kepulauana,4,XY
Diptera,Drosophilidae,Drosophila_khaoyana,3,XY
Diptera,Drosophilidae,Drosophila_kikkawai,4,XY
Diptera,Drosophilidae,Drosophila_kikkawai,4,XY
Diptera,Drosophilidae,Drosophila_kikkawai,4,XY
Diptera,Drosophilidae,Drosophila_kikkawai,4,XY
Diptera,Drosophilidae,Drosophila_kohkoa,4,XY
Diptera,Drosophilidae,Drosophila_komaii,4,XY
Diptera,Drosophilidae,Drosophila_lacertosa,6,
Diptera,Drosophilidae,Drosophila_lacicola,6,
Diptera,Drosophilidae,Drosophila_lacicola,6,XY
Diptera,Drosophilidae,Drosophila_lacteicornis,4,XY
Diptera,Drosophilidae,Drosophila_lacteicornis,4,XY
Diptera,Drosophilidae,Drosophila_lamottei,3,XY
Diptera,Drosophilidae,Drosophila_lasiopoda,6,
Diptera,Drosophilidae,Drosophila_latifasciaeformis,3,
Diptera,Drosophilidae,Drosophila_latifshahi,6,XY
Diptera,Drosophilidae,Drosophila_latifshahi,6,
Diptera,Drosophilidae,Drosophila_lativittata,9,XY
Diptera,Drosophilidae,Drosophila_lativittata,6,
Diptera,Drosophilidae,Drosophila_lebanonensis,4,
Diptera,Drosophilidae,Drosophila_lebanonensis_casteeli,4,
Diptera,Drosophilidae,Drosophila_leonis,6,XY
Diptera,Drosophilidae,Drosophila_leontia,4,XY
Diptera,Drosophilidae,Drosophila_leontia,4,XY
Diptera,Drosophilidae,Drosophila_leontia,4,XY
Diptera,Drosophilidae,Drosophila_limbinervis,6,XY
Diptera,Drosophilidae,Drosophila_limbinervis,6,XY
Diptera,Drosophilidae,Drosophila_limensis,6,XY
Diptera,Drosophilidae,Drosophila_limensis,6,XY
Diptera,Drosophilidae,Drosophila_limitata,6,
Diptera,Drosophilidae,Drosophila_limpiensis,6,XY
Diptera,Drosophilidae,Drosophila_linearepleta,6,
Diptera,Drosophilidae,Drosophila_linearepleta,6,XY
Diptera,Drosophilidae,Drosophila_lineosetae,6,
Diptera,Drosophilidae,Drosophila_lini,4,XY
Diptera,Drosophilidae,Drosophila_lini,4,XY
Diptera,Drosophilidae,Drosophila_lini,4,XY
Diptera,Drosophilidae,Drosophila_liophallus,6,
Diptera,Drosophilidae,Drosophila_littoralis,6,
Diptera,Drosophilidae,Drosophila_littoralis,5,XY
Diptera,Drosophilidae,Drosophila_littoralis,5,XY
Diptera,Drosophilidae,Drosophila_longala,6,XO
Diptera,Drosophilidae,Drosophila_longicornis,6,XY
Diptera,Drosophilidae,Drosophila_longicornis,6,XY
Diptera,Drosophilidae,Drosophila_longicornis,6,XY
Diptera,Drosophilidae,Drosophila_longicornis,6,XY
Diptera,Drosophilidae,Drosophila_longiseta,6,XY
Diptera,Drosophilidae,Drosophila_lowei,5,XY
Diptera,Drosophilidae,Drosophila_lucipennis,3,XY
Diptera,Drosophilidae,Drosophila_lummei,6,
Diptera,Drosophilidae,Drosophila_lusaltans,3,
Diptera,Drosophilidae,Drosophila_lutea,4,XY
Diptera,Drosophilidae,Drosophila_lutescens,4,XY
Diptera,Drosophilidae,Drosophila_lutescens,4,
Diptera,Drosophilidae,Drosophila_macroptera,6,
Diptera,Drosophilidae,Drosophila_macroptera,6,XY
Diptera,Drosophilidae,Drosophila_macroptera,6,XY
Diptera,Drosophilidae,Drosophila_macrospina,6,XY
Diptera,Drosophilidae,Drosophila_macrospina_limpiensis,6,
Diptera,Drosophilidae,Drosophila_macrospina_limpiensis,6,XY
Diptera,Drosophilidae,Drosophila_macrospina_macrospina,6,XY
Diptera,Drosophilidae,Drosophila_macrospina_ohioensis,6,
Diptera,Drosophilidae,Drosophila_macrothrix,6,
Diptera,Drosophilidae,Drosophila_magnaquinaria,6,XY
Diptera,Drosophilidae,Drosophila_mainlandi,6,XY
Diptera,Drosophilidae,Drosophila_malerkotliana_malerkotliana,4,XY
Diptera,Drosophilidae,Drosophila_malerkotliana_pallens,4,XY
Diptera,Drosophilidae,Drosophila_mangabeirai,3,
Diptera,Drosophilidae,Drosophila_martensis,6,
Diptera,Drosophilidae,Drosophila_martensis,6,XY
Diptera,Drosophilidae,Drosophila_martensis,6,XY
Diptera,Drosophilidae,Drosophila_mathisis,6,XY
Diptera,Drosophilidae,Drosophila_mauritiana,4,XY
Diptera,Drosophilidae,Drosophila_mauritiana,4,
Diptera,Drosophilidae,Drosophila_mauritiana,4,
Diptera,Drosophilidae,Drosophila_mayri,4,XY
Diptera,Drosophilidae,Drosophila_mayri,4,XY
Diptera,Drosophilidae,Drosophila_mayri,4,XY
Diptera,Drosophilidae,Drosophila_mcclintockae,5,XY
Diptera,Drosophilidae,Drosophila_mediodiffusa,6,XY
Diptera,Drosophilidae,Drosophila_medionotata,6,XY
Diptera,Drosophilidae,Drosophila_medionotata,6,XY
Diptera,Drosophilidae,Drosophila_medionotata,6,XY
Diptera,Drosophilidae,Drosophila_medionotata,6,XY
Diptera,Drosophilidae,Drosophila_mediopictoides,6,
Diptera,Drosophilidae,Drosophila_mediopunctata,6,XY
Diptera,Drosophilidae,Drosophila_mediopunctata,5,XY
Diptera,Drosophilidae,Drosophila_mediosignata,6,XY
Diptera,Drosophilidae,Drosophila_mediostriata,6,XY
Diptera,Drosophilidae,Drosophila_mediostriata,6,XY
Diptera,Drosophilidae,Drosophila_mediostriata,6,XY
Diptera,Drosophilidae,Drosophila_mediostriata,6,XY
Diptera,Drosophilidae,Drosophila_mediostriata,6,XY
Diptera,Drosophilidae,Drosophila_meitanensis,4,XY
Diptera,Drosophilidae,Drosophila_melanica,5,XY
Diptera,Drosophilidae,Drosophila_melanica_melanica,5,XY
Diptera,Drosophilidae,Drosophila_melanica_paramelanica,5,
Diptera,Drosophilidae,Drosophila_melanocephala,6,
Diptera,Drosophilidae,Drosophila_melanocephala,6,
Diptera,Drosophilidae,Drosophila_melanogaster,4,XY
Diptera,Drosophilidae,Drosophila_melanogaster,4,XY
Diptera,Drosophilidae,Drosophila_melanogaster,4,
Diptera,Drosophilidae,Drosophila_melanogaster,4,XY
Diptera,Drosophilidae,Drosophila_melanogaster,4,XY
Diptera,Drosophilidae,Drosophila_melanogaster,4,
Diptera,Drosophilidae,Drosophila_melanopalpa,6,XY
Diptera,Drosophilidae,Drosophila_melanopalpa,6,XY
Diptera,Drosophilidae,Drosophila_melanosoma,6,
Diptera,Drosophilidae,Drosophila_melanospila,6,XY
Diptera,Drosophilidae,Drosophila_melanura_I,5,XY
Diptera,Drosophilidae,Drosophila_melanura_II,5,XY
Diptera,Drosophilidae,Drosophila_mercatorum,5,XY
Diptera,Drosophilidae,Drosophila_mercatorum,5,XO
Diptera,Drosophilidae,Drosophila_mercatorum,5,
Diptera,Drosophilidae,Drosophila_mercatorum,5,XY
Diptera,Drosophilidae,Drosophila_mercatorum,5,XY
Diptera,Drosophilidae,Drosophila_mercatorum_pararepleta,5,XY
Diptera,Drosophilidae,Drosophila_meridiana,6,XY
Diptera,Drosophilidae,Drosophila_meridiana,6,
Diptera,Drosophilidae,Drosophila_meridiana_meridiana,6,XY
Diptera,Drosophilidae,Drosophila_meridiana_meridiana,6,XY
Diptera,Drosophilidae,Drosophila_meridiana_rioensis,5,XY
Diptera,Drosophilidae,Drosophila_meridiana_rioensis,5,XY
Diptera,Drosophilidae,Drosophila_meridiana_rioensis,5,XY
Diptera,Drosophilidae,Drosophila_meridionalis,5,
Diptera,Drosophilidae,Drosophila_meridionalis,5,XY
Diptera,Drosophilidae,Drosophila_mesophragmatica,5,XY
Diptera,Drosophilidae,Drosophila_mesophragmatica,5,
Diptera,Drosophilidae,Drosophila_mettleri,6,XY
Diptera,Drosophilidae,Drosophila_metzii,6,XY
Diptera,Drosophilidae,Drosophila_micromelanica,6,XY
Diptera,Drosophilidae,Drosophila_micromelanica,5,
Diptera,Drosophilidae,Drosophila_micromelanica,6,XY
Diptera,Drosophilidae,Drosophila_micromelanica,5,XY
Diptera,Drosophilidae,Drosophila_micromelanica,6,XY
Diptera,Drosophilidae,Drosophila_micromelanica_II,5,XY
Diptera,Drosophilidae,Drosophila_micromelanica_IV,6,XY
Diptera,Drosophilidae,Drosophila_micromyia,7,
Diptera,Drosophilidae,Drosophila_mimetica,4,XY
Diptera,Drosophilidae,Drosophila_mimica,6,
Diptera,Drosophilidae,Drosophila_mimica,6,
Diptera,Drosophilidae,Drosophila_mimica,6,
Diptera,Drosophilidae,Drosophila_mimica,6,
Diptera,Drosophilidae,Drosophila_mimica,6,
Diptera,Drosophilidae,Drosophila_mimica,6,
Diptera,Drosophilidae,Drosophila_mimica,6,
Diptera,Drosophilidae,Drosophila_mimica,6,
Diptera,Drosophilidae,Drosophila_mimica,6,
Diptera,Drosophilidae,Drosophila_mimica-like,6,
Diptera,Drosophilidae,Drosophila_miranda,5,XY
Diptera,Drosophilidae,Drosophila_miranda,5,XY
Diptera,Drosophilidae,Drosophila_mitchelli,6,
Diptera,Drosophilidae,Drosophila_modified_mouthparts,6,
Diptera,Drosophilidae,Drosophila_modified_proboscis,4,
Diptera,Drosophilidae,Drosophila_mojavensis,6,XY
Diptera,Drosophilidae,Drosophila_mojavensis,6,XY
Diptera,Drosophilidae,Drosophila_mojavensis,6,XY
Diptera,Drosophilidae,Drosophila_mojavensis_baja,6,
Diptera,Drosophilidae,Drosophila_mojavensis_baja,6,XY
Diptera,Drosophilidae,Drosophila_moju,6,XY
Diptera,Drosophilidae,Drosophila_mojuoides,6,
Diptera,Drosophilidae,Drosophila_mojuoides,6,XY
Diptera,Drosophilidae,Drosophila_montana,6,
Diptera,Drosophilidae,Drosophila_montana,6,XY
Diptera,Drosophilidae,Drosophila_montana,6,
Diptera,Drosophilidae,Drosophila_montana,3,
Diptera,Drosophilidae,Drosophila_montgomeryi,6,
Diptera,Drosophilidae,Drosophila_montium,4,XY
Diptera,Drosophilidae,Drosophila_montium,4,XY
Diptera,Drosophilidae,Drosophila_montium_I,4,XY
Diptera,Drosophilidae,Drosophila_montium_II,4,XY
Diptera,Drosophilidae,Drosophila_montium_III,4,XY
Diptera,Drosophilidae,Drosophila_moriwakii,6,
Diptera,Drosophilidae,Drosophila_moriwakii,6,
Diptera,Drosophilidae,Drosophila_mulleri,6,
Diptera,Drosophilidae,Drosophila_mulleri,6,
Diptera,Drosophilidae,Drosophila_mulleri,6,XY
Diptera,Drosophilidae,Drosophila_mulleri,6,XY
Diptera,Drosophilidae,Drosophila_munda,4,
Diptera,Drosophilidae,Drosophila_munda,4,XY
Diptera,Drosophilidae,Drosophila_munda,6,XY
Diptera,Drosophilidae,Drosophila_murphyi,6,
Diptera,Drosophilidae,Drosophila_musaphila,6,
Diptera,Drosophilidae,Drosophila_mutandis,6,XY
Diptera,Drosophilidae,Drosophila_mycetophila,6,
Diptera,Drosophilidae,Drosophila_mycetophila,6,
Diptera,Drosophilidae,Drosophila_mysorensis,4,XY
Diptera,Drosophilidae,Drosophila_n._sp._Clavisetae-lik,6,
Diptera,Drosophilidae,Drosophila_n._sp._Immigrans-like,6,
Diptera,Drosophilidae,Drosophila_n._sp._Near_hirtitarsus,6,
Diptera,Drosophilidae,Drosophila_n._sp._Near_larifuga_complex,6,
Diptera,Drosophilidae,Drosophila_n.sp._Near_caccabata,5,
Diptera,Drosophilidae,Drosophila_n.sp._Near_semifuscata,6,
Diptera,Drosophilidae,Drosophila_n.sp._Semifuscata-like,6,
Diptera,Drosophilidae,Drosophila_nagarholensis,4,XY
Diptera,Drosophilidae,Drosophila_nagarholensis,4,XY
Diptera,Drosophilidae,Drosophila_nannoptera,5,XY
Diptera,Drosophilidae,Drosophila_nannoptera,5,XY
Diptera,Drosophilidae,Drosophila_narragansett,5,XY
Diptera,Drosophilidae,Drosophila_narragansett,5,
Diptera,Drosophilidae,Drosophila_nasalis,5,
Diptera,Drosophilidae,Drosophila_nasuta,4,XY
Diptera,Drosophilidae,Drosophila_nasuta_albomicans,3,
Diptera,Drosophilidae,Drosophila_nasuta_nasuta,4,
Diptera,Drosophilidae,Drosophila_nasutoides,4,XY
Diptera,Drosophilidae,Drosophila_nebulosa,4,
Diptera,Drosophilidae,Drosophila_nebulosa,3,
Diptera,Drosophilidae,Drosophila_nebulosa,4,XY
Diptera,Drosophilidae,Drosophila_nebulosa,3,XY
Diptera,Drosophilidae,Drosophila_neocardini,4,XY
Diptera,Drosophilidae,Drosophila_neocardini,4,
Diptera,Drosophilidae,Drosophila_neocardini,4,XY
Diptera,Drosophilidae,Drosophila_neocordata,3,
Diptera,Drosophilidae,Drosophila_neoelliptica,3,
Diptera,Drosophilidae,Drosophila_neogrimshawi,6,
Diptera,Drosophilidae,Drosophila_neoguaramunu,3,XY
Diptera,Drosophilidae,Drosophila_neohydei,6,XY
Diptera,Drosophilidae,Drosophila_neohypocausta,3,XY
Diptera,Drosophilidae,Drosophila_neomorpha,4,XY
Diptera,Drosophilidae,Drosophila_neomorpha,4,XY
Diptera,Drosophilidae,Drosophila_neonasuta,4,XY
Diptera,Drosophilidae,Drosophila_neoperkinsi,6,
Diptera,Drosophilidae,Drosophila_neopicta,6,
Diptera,Drosophilidae,Drosophila_neorepleta,6,XY
Diptera,Drosophilidae,Drosophila_neosaltans,3,
Diptera,Drosophilidae,Drosophila_nepalensis,4,XY
Diptera,Drosophilidae,Drosophila_nesoetes,4,XY
Diptera,Drosophilidae,Drosophila_nigra,6,
Diptera,Drosophilidae,Drosophila_nigribasis,6,
Diptera,Drosophilidae,Drosophila_nigricruria,6,XY
Diptera,Drosophilidae,Drosophila_nigricruria,6,XY
Diptera,Drosophilidae,Drosophila_nigrifacies,6,
Diptera,Drosophilidae,Drosophila_nigrilineata,6,
Diptera,Drosophilidae,Drosophila_nigrodunni,4,
Diptera,Drosophilidae,Drosophila_nigrohydei,6,XY
Diptera,Drosophilidae,Drosophila_nigrohydei,6,XY
Diptera,Drosophilidae,Drosophila_nigromaculata,6,
Diptera,Drosophilidae,Drosophila_nigromelanica,5,
Diptera,Drosophilidae,Drosophila_nigromelanica,5,
Diptera,Drosophilidae,Drosophila_nigromelanica,5,XY
Diptera,Drosophilidae,Drosophila_nigromelanica_II,5,XY
Diptera,Drosophilidae,Drosophila_nigrosaltans,3,
Diptera,Drosophilidae,Drosophila_nigrosparsa,6,XY
Diptera,Drosophilidae,Drosophila_nigrospiracula,6,
Diptera,Drosophilidae,Drosophila_nigrospiracula,6,XY
Diptera,Drosophilidae,Drosophila_nigrospiracula,6,XY
Diptera,Drosophilidae,Drosophila_nikananu,4,XY
Diptera,Drosophilidae,Drosophila_nikananu,4,
Diptera,Drosophilidae,Drosophila_nikananu,4,XY
Diptera,Drosophilidae,Drosophila_nitidithorax,6,XY
Diptera,Drosophilidae,Drosophila_niveifrons,4,XY
Diptera,Drosophilidae,Drosophila_nixifrons,5,XY
Diptera,Drosophilidae,Drosophila_novamaculosa,6,XY
Diptera,Drosophilidae,Drosophila_novamaculosa,6,
Diptera,Drosophilidae,Drosophila_novamexicana,6,XY
Diptera,Drosophilidae,Drosophila_novamexicana,6,
Diptera,Drosophilidae,Drosophila_novamexicana,6,XY
Diptera,Drosophilidae,Drosophila_novemeristata,6,XY
Diptera,Drosophilidae,Drosophila_novopaca,6,
Diptera,Drosophilidae,Drosophila_oahuensis,6,
Diptera,Drosophilidae,Drosophila_obatai,6,
Diptera,Drosophilidae,Drosophila_obscura,6,
Diptera,Drosophilidae,Drosophila_obscura,5,XY
Diptera,Drosophilidae,Drosophila_obscuripes,6,
Diptera,Drosophilidae,Drosophila_obscuroides,6,XY
Diptera,Drosophilidae,Drosophila_occidentalis,6,
Diptera,Drosophilidae,Drosophila_occidentalis,6,XY
Diptera,Drosophilidae,Drosophila_occidentalis,6,XY
Diptera,Drosophilidae,Drosophila_ocellata,6,
Diptera,Drosophilidae,Drosophila_ochracea,6,
Diptera,Drosophilidae,Drosophila_ochrobasis,6,
Diptera,Drosophilidae,Drosophila_odontophallus,6,
Diptera,Drosophilidae,Drosophila_olaae,6,
Diptera,Drosophilidae,Drosophila_onca,4,XY
Diptera,Drosophilidae,Drosophila_orbospiracula,6,XO
Diptera,Drosophilidae,Drosophila_orena,4,XY
Diptera,Drosophilidae,Drosophila_orena,4,
Diptera,Drosophilidae,Drosophila_orena,5,
Diptera,Drosophilidae,Drosophila_orkui,5,
Diptera,Drosophilidae,Drosophila_ornata,6,
Diptera,Drosophilidae,Drosophila_ornatipennis,5,
Diptera,Drosophilidae,Drosophila_ornatipennis,7,
Diptera,Drosophilidae,Drosophila_orosa,3,XY
Diptera,Drosophilidae,Drosophila_orosa,4,XY
Diptera,Drosophilidae,Drosophila_orosa,4,XY
Diptera,Drosophilidae,Drosophila_orphnopeza,6,
Diptera,Drosophilidae,Drosophila_orthofascia,6,
Diptera,Drosophilidae,Drosophila_orthofascia,6,
Diptera,Drosophilidae,Drosophila_pachea,5,XY
Diptera,Drosophilidae,Drosophila_pachuca,6,XY
Diptera,Drosophilidae,Drosophila_paenehamifera,6,
Diptera,Drosophilidae,Drosophila_pagliolii,5,
Diptera,Drosophilidae,Drosophila_pallidifrons,4,XY
Diptera,Drosophilidae,Drosophila_pallidipennis,6,XY
Diptera,Drosophilidae,Drosophila_pallidipennis,6,XY
Diptera,Drosophilidae,Drosophila_pallidipennis_centralis,6,XY
Diptera,Drosophilidae,Drosophila_pallidipennis_centralis,6,XY
Diptera,Drosophilidae,Drosophila_pallidosa,4,XY
Diptera,Drosophilidae,Drosophila_palustris,6,XY
Diptera,Drosophilidae,Drosophila_palustris,6,XY
Diptera,Drosophilidae,Drosophila_parabipectinata,4,XY
Diptera,Drosophilidae,Drosophila_parabipectinata,4,
Diptera,Drosophilidae,Drosophila_parabocainensis,3,
Diptera,Drosophilidae,Drosophila_paracanalinea,4,
Diptera,Drosophilidae,Drosophila_parachrogaster,6,
Diptera,Drosophilidae,Drosophila_paraguttata,6,XY
Diptera,Drosophilidae,Drosophila_paralutea,3,XY
Diptera,Drosophilidae,Drosophila_paramediostriata,6,
Diptera,Drosophilidae,Drosophila_paramelanica,5,
Diptera,Drosophilidae,Drosophila_paramelanica_I,5,XY
Diptera,Drosophilidae,Drosophila_paramelanica_II,5,XY
Diptera,Drosophilidae,Drosophila_paranaensis,5,XY
Diptera,Drosophilidae,Drosophila_paranaensis,5,XY
Diptera,Drosophilidae,Drosophila_paranaensis,5,XY
Diptera,Drosophilidae,Drosophila_paranaensis,5,XY
Diptera,Drosophilidae,Drosophila_paranaensis,5,XY
Diptera,Drosophilidae,Drosophila_paranaensis,5,XY
Diptera,Drosophilidae,Drosophila_paranaensis,5,XY
Diptera,Drosophilidae,Drosophila_paranaensis,5,XY
Diptera,Drosophilidae,Drosophila_paranaensis,5,XY
Diptera,Drosophilidae,Drosophila_paranaensis,5,XY
Diptera,Drosophilidae,Drosophila_paranaensis,5,XY
Diptera,Drosophilidae,Drosophila_paranaensis,5,XY
Diptera,Drosophilidae,Drosophila_paranaensis,5,XY
Diptera,Drosophilidae,Drosophila_paranaensis,5,XY
Diptera,Drosophilidae,Drosophila_paranaensis,5,XY
Diptera,Drosophilidae,Drosophila_pararepleta,5,XY
Diptera,Drosophilidae,Drosophila_pararubida,4,
Diptera,Drosophilidae,Drosophila_pararubida,4,
Diptera,Drosophilidae,Drosophila_parasaltans,3,
Diptera,Drosophilidae,Drosophila_paratriangulata,4,XY
Diptera,Drosophilidae,Drosophila_parthenogenetica,4,
Diptera,Drosophilidae,Drosophila_parthenogenetica,4,XY
Diptera,Drosophilidae,Drosophila_parva,4,
Diptera,Drosophilidae,Drosophila_parva,4,
Diptera,Drosophilidae,Drosophila_parvula,3,XY
Diptera,Drosophilidae,Drosophila_pattersoni,4,
Diptera,Drosophilidae,Drosophila_paucicilia,6,
Diptera,Drosophilidae,Drosophila_paucipuncta,6,
Diptera,Drosophilidae,Drosophila_paulistorum,3,XY
Diptera,Drosophilidae,Drosophila_paulistorum,3,
Diptera,Drosophilidae,Drosophila_pavani,5,
Diptera,Drosophilidae,Drosophila_pavani,5,
Diptera,Drosophilidae,Drosophila_pavlovskiana,3,
Diptera,Drosophilidae,Drosophila_pectinitarsus,6,
Diptera,Drosophilidae,Drosophila_pegasa,6,
Diptera,Drosophilidae,Drosophila_pellewae,6,XY
Diptera,Drosophilidae,Drosophila_pengi,5,
Diptera,Drosophilidae,Drosophila_peniculipedis,6,
Diptera,Drosophilidae,Drosophila_peninsularis,6,XY
Diptera,Drosophilidae,Drosophila_peninsularis,6,XY
Diptera,Drosophilidae,Drosophila_peninsularis,6,XY
Diptera,Drosophilidae,Drosophila_peninsularis,5,XY
Diptera,Drosophilidae,Drosophila_pennae,4,XY
Diptera,Drosophilidae,Drosophila_pennae,3,
Diptera,Drosophilidae,Drosophila_pennae,4,XY
Diptera,Drosophilidae,Drosophila_percnosoma,6,
Diptera,Drosophilidae,Drosophila_perkinsi,6,
Diptera,Drosophilidae,Drosophila_persimilis,5,XY
Diptera,Drosophilidae,Drosophila_persimilis,5,XY
Diptera,Drosophilidae,Drosophila_phaeopleura,4,XY
Diptera,Drosophilidae,Drosophila_phalerata,6,XY
Diptera,Drosophilidae,Drosophila_phalerata,6,
Diptera,Drosophilidae,Drosophila_phalerata,6,XY
Diptera,Drosophilidae,Drosophila_picta,6,
Diptera,Drosophilidae,Drosophila_picticornis,6,
Diptera,Drosophilidae,Drosophila_pictilis,6,XY
Diptera,Drosophilidae,Drosophila_pictiventris,4,XO
Diptera,Drosophilidae,Drosophila_pictura,6,XY
Diptera,Drosophilidae,Drosophila_pilimana,6,
Diptera,Drosophilidae,Drosophila_pinicola,3,XY
Diptera,Drosophilidae,Drosophila_planitibia,6,
Diptera,Drosophilidae,Drosophila_polliciforma,6,
Diptera,Drosophilidae,Drosophila_polychaeta,6,XY
Diptera,Drosophilidae,Drosophila_polychaeta,6,XY
Diptera,Drosophilidae,Drosophila_polymorpha,4,XY
Diptera,Drosophilidae,Drosophila_polymorpha,4,XY
Diptera,Drosophilidae,Drosophila_ponera,6,XY
Diptera,Drosophilidae,Drosophila_primaeva,6,
Diptera,Drosophilidae,Drosophila_procardinoides,4,
Diptera,Drosophilidae,Drosophila_procardinoides,4,XY
Diptera,Drosophilidae,Drosophila_prolaticilia,6,
Diptera,Drosophilidae,Drosophila_prolongata,4,XY
Diptera,Drosophilidae,Drosophila_prolongata,4,XY
Diptera,Drosophilidae,Drosophila_promeridiana,5,XY
Diptera,Drosophilidae,Drosophila_propachuca,5,XY
Diptera,Drosophilidae,Drosophila_prosaltans,3,
Diptera,Drosophilidae,Drosophila_prosaltans_I,3,XY
Diptera,Drosophilidae,Drosophila_prosaltansII,3,
Diptera,Drosophilidae,Drosophila_prosimilis,6,XY
Diptera,Drosophilidae,Drosophila_prostipennis,3,XY
Diptera,Drosophilidae,Drosophila_prostopalpis,6,
Diptera,Drosophilidae,Drosophila_pseudoananassae,5,XY
Diptera,Drosophilidae,Drosophila_pseudoananassae,4,
Diptera,Drosophilidae,Drosophila_pseudoananassae,5,XY
Diptera,Drosophilidae,Drosophila_pseudoananassae_nigrens,5,XY
Diptera,Drosophilidae,Drosophila_pseudoananassae_pseudoananassae,4,XY
Diptera,Drosophilidae,Drosophila_pseudomayri,4,XY
Diptera,Drosophilidae,Drosophila_pseudomayri,4,XY
Diptera,Drosophilidae,Drosophila_pseudomayri,4,XY
Diptera,Drosophilidae,Drosophila_pseudoobscura,5,XY
Diptera,Drosophilidae,Drosophila_pseudoobscura,5,XY
Diptera,Drosophilidae,Drosophila_pseudoobscura,5,XY
Diptera,Drosophilidae,Drosophila_pseudoobscura,5,XY
Diptera,Drosophilidae,Drosophila_pseudoobscura_bogotana,3,XY
Diptera,Drosophilidae,Drosophila_pseudosaltans,3,
Diptera,Drosophilidae,Drosophila_pseudosordidula,5,
Diptera,Drosophilidae,Drosophila_pseudotakahashii,4,XY
Diptera,Drosophilidae,Drosophila_pseudotetrachaeta,6,
Diptera,Drosophilidae,Drosophila_psilophallus,6,
Diptera,Drosophilidae,Drosophila_psiolotarsalis,6,
Diptera,Drosophilidae,Drosophila_pulaua,4,XY
Diptera,Drosophilidae,Drosophila_pulchrella,4,XY
Diptera,Drosophilidae,Drosophila_pulchrella,4,XY
Diptera,Drosophilidae,Drosophila_pulla,5,XY
Diptera,Drosophilidae,Drosophila_pullata,5,
Diptera,Drosophilidae,Drosophila_pullipes,6,
Diptera,Drosophilidae,Drosophila_punalua,6,
Diptera,Drosophilidae,Drosophila_punalua,6,
Diptera,Drosophilidae,Drosophila_punalua,6,
Diptera,Drosophilidae,Drosophila_punalua,6,
Diptera,Drosophilidae,Drosophila_punalua,6,
Diptera,Drosophilidae,Drosophila_punjabiensis,4,XY
Diptera,Drosophilidae,Drosophila_putrida,4,XY
Diptera,Drosophilidae,Drosophila_putrida,5,XY
Diptera,Drosophilidae,Drosophila_pychnochaetae,6,
Diptera,Drosophilidae,Drosophila_quadraria,3,XY
Diptera,Drosophilidae,Drosophila_quadrilineata,6,XY
Diptera,Drosophilidae,Drosophila_quadrisetae,6,
Diptera,Drosophilidae,Drosophila_quasianomalipes,6,
Diptera,Drosophilidae,Drosophila_quinaria,3,XY
Diptera,Drosophilidae,Drosophila_quinaria,4,XY
Diptera,Drosophilidae,Drosophila_quinaria,4,XY
Diptera,Drosophilidae,Drosophila_racemova,6,XY
Diptera,Drosophilidae,Drosophila_racemova,6,XY
Diptera,Drosophilidae,Drosophila_ramsdeni,6,XY
Diptera,Drosophilidae,Drosophila_rectangularis,3,
Diptera,Drosophilidae,Drosophila_recticilia,6,
Diptera,Drosophilidae,Drosophila_reducta,5,
Diptera,Drosophilidae,Drosophila_repleta,6,
Diptera,Drosophilidae,Drosophila_repleta,6,
Diptera,Drosophilidae,Drosophila_repleta,6,XY
Diptera,Drosophilidae,Drosophila_repleta,6,XY
Diptera,Drosophilidae,Drosophila_repleta,6,XY
Diptera,Drosophilidae,Drosophila_repleta,6,XY
Diptera,Drosophilidae,Drosophila_repletoides,4,
Diptera,Drosophilidae,Drosophila_reynoldsiae,6,
Diptera,Drosophilidae,Drosophila_rhopaloa,4,XY
Diptera,Drosophilidae,Drosophila_rioensis,5,XY
Diptera,Drosophilidae,Drosophila_ritae,6,XY
Diptera,Drosophilidae,Drosophila_ritae,6,XY
Diptera,Drosophilidae,Drosophila_ritae,6,XY
Diptera,Drosophilidae,Drosophila_robusta,4,XY
Diptera,Drosophilidae,Drosophila_robusta,4,
Diptera,Drosophilidae,Drosophila_robusta,4,
Diptera,Drosophilidae,Drosophila_roehrae,6,
Diptera,Drosophilidae,Drosophila_ruberrima,4,XY
Diptera,Drosophilidae,Drosophila_rubida,4,
Diptera,Drosophilidae,Drosophila_rubida,4,
Diptera,Drosophilidae,Drosophila_rubifrons,6,
Diptera,Drosophilidae,Drosophila_rubra,4,XY
Diptera,Drosophilidae,Drosophila_rufa,4,XY
Diptera,Drosophilidae,Drosophila_rufa,4,XY
Diptera,Drosophilidae,Drosophila_rufa,4,XY
Diptera,Drosophilidae,Drosophila_rufa,4,XY
Diptera,Drosophilidae,Drosophila_rufifrons,4,XY
Diptera,Drosophilidae,Drosophila_s._bilimbata,4,XY
Diptera,Drosophilidae,Drosophila_saltans,4,
Diptera,Drosophilidae,Drosophila_saltans,3,
Diptera,Drosophilidae,Drosophila_saltans,3,
Diptera,Drosophilidae,Drosophila_sechellia,4,XY
Diptera,Drosophilidae,Drosophila_seguyi,4,XY
Diptera,Drosophilidae,Drosophila_seguyi,4,XY
Diptera,Drosophilidae,Drosophila_seguyi,4,XY
Diptera,Drosophilidae,Drosophila_sejuncta,6,
Diptera,Drosophilidae,Drosophila_sellata,3,
Diptera,Drosophilidae,Drosophila_septentriosaltans,3,
Diptera,Drosophilidae,Drosophila_serenensis,6,
Diptera,Drosophilidae,Drosophila_serido,6,
Diptera,Drosophilidae,Drosophila_serido,6,
Diptera,Drosophilidae,Drosophila_serido,6,
Diptera,Drosophilidae,Drosophila_serrata,4,
Diptera,Drosophilidae,Drosophila_serrata,4,XY
Diptera,Drosophilidae,Drosophila_serrata,4,XY
Diptera,Drosophilidae,Drosophila_serrata,4,
Diptera,Drosophilidae,Drosophila_setosifrons,6,
Diptera,Drosophilidae,Drosophila_setosimentum,6,
Diptera,Drosophilidae,Drosophila_setula,6,
Diptera,Drosophilidae,Drosophila_setula,5,
Diptera,Drosophilidae,Drosophila_setula,5,
Diptera,Drosophilidae,Drosophila_sigmoides,6,
Diptera,Drosophilidae,Drosophila_silvarentis,6,
Diptera,Drosophilidae,Drosophila_silvestris,6,
Diptera,Drosophilidae,Drosophila_silvistriata,5,XY
Diptera,Drosophilidae,Drosophila_similis,6,XY
Diptera,Drosophilidae,Drosophila_similis_grenadensis,4,
Diptera,Drosophilidae,Drosophila_simulans,4,XY
Diptera,Drosophilidae,Drosophila_simulans,4,XY
Diptera,Drosophilidae,Drosophila_simulans,4,XY
Diptera,Drosophilidae,Drosophila_simulans,4,XY
Diptera,Drosophilidae,Drosophila_sobrina,6,
Diptera,Drosophilidae,Drosophila_sodomae,6,
Diptera,Drosophilidae,Drosophila_sordidula,5,XY
Diptera,Drosophilidae,Drosophila_spaniothrix,6,
Diptera,Drosophilidae,Drosophila_spectabilis,6,
Diptera,Drosophilidae,Drosophila_spencensis,6,XY
Diptera,Drosophilidae,Drosophila_spenceri,6,XY
Diptera,Drosophilidae,Drosophila_spinatermina,5,
Diptera,Drosophilidae,Drosophila_spinofemora,4,
Diptera,Drosophilidae,Drosophila_sproati,6,
Diptera,Drosophilidae,Drosophila_stalkeri,6,XY
Diptera,Drosophilidae,Drosophila_stalkeri,6,XY
Diptera,Drosophilidae,Drosophila_starmeri,6,
Diptera,Drosophilidae,Drosophila_sternopleuralis,4,
Diptera,Drosophilidae,Drosophila_sticta,6,XY
Diptera,Drosophilidae,Drosophila_sticta,6,XY
Diptera,Drosophilidae,Drosophila_stonei,4,XY
Diptera,Drosophilidae,Drosophila_sturtevanti,3,XY
Diptera,Drosophilidae,Drosophila_sturtevanti,3,
Diptera,Drosophilidae,Drosophila_sturtevanti,3,
Diptera,Drosophilidae,Drosophila_subarctica,6,
Diptera,Drosophilidae,Drosophila_subbadia,6,XY
Diptera,Drosophilidae,Drosophila_subbadia,5,
Diptera,Drosophilidae,Drosophila_subfunebris,6,XY
Diptera,Drosophilidae,Drosophila_submacroptera,5,XY
Diptera,Drosophilidae,Drosophila_submacroptera,4,
Diptera,Drosophilidae,Drosophila_submacroptera,4,
Diptera,Drosophilidae,Drosophila_submacroptera,4,
Diptera,Drosophilidae,Drosophila_submacroptera,4,
Diptera,Drosophilidae,Drosophila_submacroptera,4,
Diptera,Drosophilidae,Drosophila_subobscura,6,XY
Diptera,Drosophilidae,Drosophila_suboccidentalis,6,
Diptera,Drosophilidae,Drosophila_suboccidentalis,6,XY
Diptera,Drosophilidae,Drosophila_suboccidentalis,6,XY
Diptera,Drosophilidae,Drosophila_subpalustris,6,
Diptera,Drosophilidae,Drosophila_subpalustris,6,XY
Diptera,Drosophilidae,Drosophila_subpalustris,6,XY
Diptera,Drosophilidae,Drosophila_subquinaria,6,XY
Diptera,Drosophilidae,Drosophila_subquinaria,6,XY
Diptera,Drosophilidae,Drosophila_subquinaria,6,XY
Diptera,Drosophilidae,Drosophila_subsaltans,3,
Diptera,Drosophilidae,Drosophila_subsilvestris,6,XY
Diptera,Drosophilidae,Drosophila_substenoptera,6,
Diptera,Drosophilidae,Drosophila_subtilis,5,
Diptera,Drosophilidae,Drosophila_sucinea,3,XY
Diptera,Drosophilidae,Drosophila_sucinea,3,XY
Diptera,Drosophilidae,Drosophila_suffusca,4,XY
Diptera,Drosophilidae,Drosophila_suffusca,4,XY
Diptera,Drosophilidae,Drosophila_sulfurigaster,4,
Diptera,Drosophilidae,Drosophila_sulfurigaster_albostrigata,4,XY
Diptera,Drosophilidae,Drosophila_sulfurigaster_bilimbata,4,
Diptera,Drosophilidae,Drosophila_suzukii,4,XY
Diptera,Drosophilidae,Drosophila_takahashii,4,XY
Diptera,Drosophilidae,Drosophila_takahashii,3,XY
Diptera,Drosophilidae,Drosophila_takahashii_I,4,XY
Diptera,Drosophilidae,Drosophila_talamancana,5,XY
Diptera,Drosophilidae,Drosophila_tani,4,
Diptera,Drosophilidae,Drosophila_tanytrix,6,XY
Diptera,Drosophilidae,Drosophila_tarphytrichia,6,
Diptera,Drosophilidae,Drosophila_teisseri,4,XY
Diptera,Drosophilidae,Drosophila_teisseri,4,XY
Diptera,Drosophilidae,Drosophila_teisseri,4,
Diptera,Drosophilidae,Drosophila_tendomentum,6,
Diptera,Drosophilidae,Drosophila_tenebrosa,5,
Diptera,Drosophilidae,Drosophila_tenebrosa,5,XY
Diptera,Drosophilidae,Drosophila_tenuicauda,6,
Diptera,Drosophilidae,Drosophila_testacea,4,XY
Diptera,Drosophilidae,Drosophila_testacea,4,
Diptera,Drosophilidae,Drosophila_tetrachaeta,6,
Diptera,Drosophilidae,Drosophila_texana,5,XY
Diptera,Drosophilidae,Drosophila_texana,5,
Diptera,Drosophilidae,Drosophila_texana,5,XY
Diptera,Drosophilidae,Drosophila_texana,5,
Diptera,Drosophilidae,Drosophila_thoracis,6,XO
Diptera,Drosophilidae,Drosophila_tira,6,XY
Diptera,Drosophilidae,Drosophila_tolteca,5,XY
Diptera,Drosophilidae,Drosophila_tongpua,4,XY
Diptera,Drosophilidae,Drosophila_touchardiae,6,
Diptera,Drosophilidae,Drosophila_tranquilla,3,
Diptera,Drosophilidae,Drosophila_tranquilla,4,
Diptera,Drosophilidae,Drosophila_transversa,6,
Diptera,Drosophilidae,Drosophila_transversa,6,XY
Diptera,Drosophilidae,Drosophila_transversa,6,XY
Diptera,Drosophilidae,Drosophila_trapeza,6,XY
Diptera,Drosophilidae,Drosophila_trapeza,6,XY
Diptera,Drosophilidae,Drosophila_trapezifrons,3,
Diptera,Drosophilidae,Drosophila_triangula,6,
Diptera,Drosophilidae,Drosophila_triauraria,3,XY
Diptera,Drosophilidae,Drosophila_trifiloides,6,XY
Diptera,Drosophilidae,Drosophila_trilutea,3,XY
Diptera,Drosophilidae,Drosophila_tripunctata,4,
Diptera,Drosophilidae,Drosophila_tripunctata,6,XY
Diptera,Drosophilidae,Drosophila_trispina,7,XY
Diptera,Drosophilidae,Drosophila_trispina,7,XY
Diptera,Drosophilidae,Drosophila_trispina,6,XY
Diptera,Drosophilidae,Drosophila_tristis,5,XY
Diptera,Drosophilidae,Drosophila_tristriata,6,
Diptera,Drosophilidae,Drosophila_tristriata,6,
Diptera,Drosophilidae,Drosophila_trivittata,5,
Diptera,Drosophilidae,Drosophila_trivittata,5,
Diptera,Drosophilidae,Drosophila_tropicalis,3,XY
Diptera,Drosophilidae,Drosophila_tropicalis_cubana,3,
Diptera,Drosophilidae,Drosophila_truncata,3,
Diptera,Drosophilidae,Drosophila_truncipenna,6,
Diptera,Drosophilidae,Drosophila_truncipenna,6,
Diptera,Drosophilidae,Drosophila_tsacasi,4,XY
Diptera,Drosophilidae,Drosophila_tsacasi,4,XY
Diptera,Drosophilidae,Drosophila_tsacasi,4,XY
Diptera,Drosophilidae,Drosophila_tsigana,5,XY
Diptera,Drosophilidae,Drosophila_tumiditarsus,4,XY
Diptera,Drosophilidae,Drosophila_turbata,6,
Diptera,Drosophilidae,Drosophila_unipunctata,5,XY
Diptera,Drosophilidae,Drosophila_uniseriata,6,
Diptera,Drosophilidae,Drosophila_uniseta,6,
Diptera,Drosophilidae,Drosophila_unispina,6,
Diptera,Drosophilidae,Drosophila_varians,4,XY
Diptera,Drosophilidae,Drosophila_varipennis,6,
Diptera,Drosophilidae,Drosophila_vesciseta,6,
Diptera,Drosophilidae,Drosophila_vibrissina,4,
Diptera,Drosophilidae,Drosophila_victoria,4,
Diptera,Drosophilidae,Drosophila_victoria,4,
Diptera,Drosophilidae,Drosophila_villitibia,6,
Diptera,Drosophilidae,Drosophila_villitibia,6,
Diptera,Drosophilidae,Drosophila_villosipedis,6,
Diptera,Drosophilidae,Drosophila_viracochi,5,
Diptera,Drosophilidae,Drosophila_viracochi,5,
Diptera,Drosophilidae,Drosophila_virgulata,6,
Diptera,Drosophilidae,Drosophila_virilis,6,XY
Diptera,Drosophilidae,Drosophila_virilis,6,
Diptera,Drosophilidae,Drosophila_virilis,6,XY
Diptera,Drosophilidae,Drosophila_virilis,6,
Diptera,Drosophilidae,Drosophila_virilis,6,XY
Diptera,Drosophilidae,Drosophila_vulcana,4,XY
Diptera,Drosophilidae,Drosophila_wheeleri,6,XY
Diptera,Drosophilidae,Drosophila_wheeleri,6,XY
Diptera,Drosophilidae,Drosophila_wheeleri,6,XY
Diptera,Drosophilidae,Drosophila_willistoni,3,XY
Diptera,Drosophilidae,Drosophila_willistoni,4,
Diptera,Drosophilidae,Drosophila_willistoni,3,
Diptera,Drosophilidae,Drosophila_willistoni,4,XY
Diptera,Drosophilidae,Drosophila_willistoni_quechua,3,
Diptera,Drosophilidae,Drosophila_wingei,3,
Diptera,Drosophilidae,Drosophila_xanthia,5,XY
Diptera,Drosophilidae,Drosophila_xanthogaster,5,
Diptera,Drosophilidae,Drosophila_yakuba,4,XY
Diptera,Drosophilidae,Drosophila_yakuba,4,XY
Diptera,Drosophilidae,Drosophila_yakuba,4,
Diptera,Drosophilidae,Exalloscaptomyza_spp.,5,
Diptera,Drosophilidae,Exalloscaptomyza_spp.,5,
Diptera,Drosophilidae,Exalloscaptomyza_spp.,5,
Diptera,Drosophilidae,Exalloscaptomyza_spp.,5,
Diptera,Drosophilidae,Exalloscaptomyza_spp.,5,
Diptera,Drosophilidae,Exalloscaptomyza_spp.,5,
Diptera,Drosophilidae,Exalloscaptomyza_spp.,5,
Diptera,Drosophilidae,Hirtodrosophila_duncani,5,XY
Diptera,Drosophilidae,Hirtodrosophila_grisea,6,XO
Diptera,Drosophilidae,Hirtodrosophila_grisea,6,XO
Diptera,Drosophilidae,Hirtodrosophila_longala,6,XO
Diptera,Drosophilidae,Hirtodrosophila_longala,6,XO
Diptera,Drosophilidae,Hirtodrosophila_orbospiracula,6,XO
Diptera,Drosophilidae,Hirtodrosophila_orbospiracula,6,XO
Diptera,Drosophilidae,Hirtodrosophila_pictiventris,4,XO
Diptera,Drosophilidae,Hirtodrosophila_pictiventris,4,XO
Diptera,Drosophilidae,Hirtodrosophila_pictiventris,4,XO
Diptera,Drosophilidae,Hirtodrosophila_thoracis,6,XO
Diptera,Drosophilidae,Leucophenga_maculata,6,XY
Diptera,Drosophilidae,Leucophenga_varia,6,
Diptera,Drosophilidae,Microdrosophila_congesta,5,
Diptera,Drosophilidae,Microdrosophila_spp.,5,
Diptera,Drosophilidae,Mycodrosophila_claytonae,4,XY
Diptera,Drosophilidae,Mycodrosophila_dimidiata,4,XY
Diptera,Drosophilidae,Mycodrosophila_dimidiata,4,XY
Diptera,Drosophilidae,Mycodrosophila_nigropteropleura,4,
Diptera,Drosophilidae,Mycodrosophila_poecilogastra,6,
Diptera,Drosophilidae,Mycodrosophila_stalkeri,4,
Diptera,Drosophilidae,Pholadoris_baeomyia,3,
Diptera,Drosophilidae,Pholadoris_baeomyia,3,XY
Diptera,Drosophilidae,Pholadoris_coracina,4,
Diptera,Drosophilidae,Pholadoris_lebanonensis,4,
Diptera,Drosophilidae,Pholadoris_mirim,3,
Diptera,Drosophilidae,Pholadoris_nitens,4,
Diptera,Drosophilidae,Pholadoris_victoria,4,
Diptera,Drosophilidae,Samoaia_Afiamallu_Road,5,
Diptera,Drosophilidae,Samoaia_attenuata,4,
Diptera,Drosophilidae,Samoaia_blackwing_group,6,
Diptera,Drosophilidae,Samoaia_leonensis,4,
Diptera,Drosophilidae,Scaptomyza_adusta,5,
Diptera,Drosophilidae,Scaptomyza_adusta,5,
Diptera,Drosophilidae,Scaptomyza_albovittata,5,
Diptera,Drosophilidae,Scaptomyza_anomala,5,
Diptera,Drosophilidae,Scaptomyza_anomala,5,
Diptera,Drosophilidae,Scaptomyza_argentifrons,5,
Diptera,Drosophilidae,Scaptomyza_denticauda,4,XY
Diptera,Drosophilidae,Scaptomyza_graminum,4,XY
Diptera,Drosophilidae,Scaptomyza_hamata,4,
Diptera,Drosophilidae,Scaptomyza_hamata,4,
Diptera,Drosophilidae,Scaptomyza_melancholica,4,
Diptera,Drosophilidae,Scaptomyza_noei,5,
Diptera,Drosophilidae,Scaptomyza_pallida,4,
Diptera,Drosophilidae,Scaptomyza_pallida,4,
Diptera,Drosophilidae,Scaptomyza_pallida,4,
Diptera,Drosophilidae,Scaptomyza_palmae,5,
Diptera,Drosophilidae,Scaptomyza_palmae,5,
Diptera,Drosophilidae,Scaptomyza_spp.,5,
Diptera,Drosophilidae,Scaptomyza_varifrons,5,
Diptera,Drosophilidae,Scaptomyza_varifrons,5,
Diptera,Drosophilidae,Scaptomyza_waialealeae,4,
Diptera,Drosophilidae,Scaptomyza_xanthopleura,5,
Diptera,Drosophilidae,Tantalia_albovittata,5,
Diptera,Drosophilidae,Titanochaeta_bryani,5,
Diptera,Drosophilidae,Titanochaeta_bryani,5,
Diptera,Drosophilidae,"Titanochaeta_n.sp._""gold_antennae""",4,
Diptera,Drosophilidae,Titanochaeta_new_species,4,
Diptera,Drosophilidae,Trogloscaptomyza_argentifrons,5,
Diptera,Drosophilidae,Trogloscaptomyza_n.sp.,5,
Diptera,Drosophilidae,Trogloscaptomyza_spp.,5,
Diptera,Drosophilidae,Trogloscaptomyza_spp.,5,
Diptera,Drosophilidae,Trogloscaptomyza_waialealeae,4,
Diptera,Drosophilidae,Zaprionus_bogoriensis,6,XY
Diptera,Drosophilidae,Zaprionus_ghesquieri,6,
Diptera,Drosophilidae,Zaprionus_ghesquieri,4,
Diptera,Drosophilidae,Zaprionus_indianus,6,XY
Diptera,Drosophilidae,Zaprionus_inermis,6,
Diptera,Drosophilidae,Zaprionus_multistriatus,6,
Diptera,Drosophilidae,Zaprionus_obscuricornis,6,XY
Diptera,Drosophilidae,Zaprionus_ornatus,6,
Diptera,Drosophilidae,Zaprionus_paravittiger,6,XY
Diptera,Drosophilidae,Zaprionus_sepsoides,6,
Diptera,Drosophilidae,Zaprionus_sp._Near_korolev,4,
Diptera,Drosophilidae,Zaprionus_tuberculatus,6,
Diptera,Drosophilidae,Zaprionus_tuberculatus,4,
Diptera,Drosophilidae,Zaprionus_vittiger,6,
Diptera,Drosophilidae,Zaprionus_vittiger,4,