Order,Family,Genus,species,SCS,haploid
Odonata,Epiophlebiidae,Epiophlebia,Epiophlebia superstes,XO,13
Odonata,Aeshnidae,Aeshna,Aeshna canadensis,XO,14
Odonata,Aeshnidae,Aeshna,Aeshna clepsydra,XO,14
Odonata,Aeshnidae,Aeshna,Aeshna crenata,XO,14
Odonata,Aeshnidae,Aeshna,Aeshna cyanea,XO,14
Odonata,Aeshnidae,Aeshna,Aeshna grandis,XO,14
Odonata,Aeshnidae,Aeshna,Aeshna grandis,XO,13
Odonata,Aeshnidae,Aeshna,Aeshna isoceles,XO,14
Odonata,Aeshnidae,Aeshna,Aeshna isoceles,XO,13
Odonata,Aeshnidae,Aeshna,Aeshna juncea,XO,14
Odonata,Aeshnidae,Aeshna,Aeshna mixta,XO,14
Odonata,Aeshnidae,Aeshna,Aeshna mixta,XO,13
Odonata,Aeshnidae,Aeshna,Aeshna nigroflava,XO,14
Odonata,Aeshnidae,Aeshna,Aeshna palmata,XO,14
Odonata,Aeshnidae,Aeshna,Aeshna subarctica,XO,14
Odonata,Aeshnidae,Aeshna,Aeshna umbrosa,XO,14
Odonata,Aeshnidae,Aeshna,Aeshna verticalis,XO,14
Odonata,Aeshnidae,Aeshna,Aeshna walkeri,XO,14
Odonata,Aeshnidae,Aeshna,Anaciaeschna jaspidea,XO,14
Odonata,Aeshnidae,Aeshna,Anax amazili,XO,14
Odonata,Aeshnidae,Anax,Anax concolor,XO,14
Odonata,Aeshnidae,Anax,Anax ephippiger,XO,7
Odonata,Aeshnidae,Anax,Anax guttatus,XO,8
Odonata,Aeshnidae,Anax,Anax immaculifrons,XO,14
Odonata,Aeshnidae,Anax,Anax imperator,XO,14
Odonata,Aeshnidae,Anax,Anax junius,XO,14
Odonata,Aeshnidae,Anax,Anax longipes,XO,14
Odonata,Aeshnidae,Anax,Anax nigrofasciatus,XO,14
Odonata,Aeshnidae,Anax,Anax nigrofasciatus,XO,13
Odonata,Aeshnidae,Anax,Anax papuensis,XO,14
Odonata,Aeshnidae,Anax,Anax parthenope,XO,14
Odonata,Aeshnidae,Anax,Anax parthenope,XO,13
Odonata,Aeshnidae,Andaeschna,Andaeschna unicolor,XO,14
Odonata,Aeshnidae,Austroaeschna,Austroaeschna anacantha,XO,14
Odonata,Aeshnidae,Austroaeschna,Austroaeschna multipunctata,XO,14
Odonata,Aeshnidae,Basiaeschna,Basiaeschna janata,XO,13
Odonata,Aeshnidae,Boyeria,Boyeria maclachlani,XO,14
Odonata,Aeshnidae,Boyeria,Boyeria vinosa,XO,14
Odonata,Aeshnidae,Castoraeschna,Castoraeschna castor,XO,14
Odonata,Aeshnidae,Cephalaeschna,Cephalaeschna orbifrons,XO,13
Odonata,Aeshnidae,Cephalaeschna,Cephalaeschna sp.,XO,13
Odonata,Aeshnidae,Coryphaeschna,Coryphaeschna adnexa,XO,14
Odonata,Aeshnidae,Coryphaeschna,Coryphaeschna perrensi,XO,13
Odonata,Aeshnidae,Coryphaeschna,Coryphaeschna perrensi,XO,14
Odonata,Aeshnidae,Coryphaeschna,Coryphaeschna viriditas,XO,12
Odonata,Aeshnidae,Gynacantha,Gynacantha bayadera,XO,13
Odonata,Aeshnidae,Gynacantha,Gynacantha bayadera,XO,14
Odonata,Aeshnidae,Gynacantha,Gynacantha japonica,XO,14
Odonata,Aeshnidae,Gynacanthaeschna,Gynacanthaeschna sikkima,XO,14
Odonata,Aeshnidae,Oplonaeschna,Oplonaeschna armata,XO,14
Odonata,Aeshnidae,Planaeschna,Planaeschna milnei,XO,14
Odonata,Aeshnidae,Remartinia,Remartinia luteipennis ,XO,13
Odonata,Aeshnidae,Remartinia,Remartinia luteipennis ,XO,14
Odonata,Aeshnidae,Rhionaeschna,Rhionaeschna californica,XO,14
Odonata,Aeshnidae,Rhionaeschna,Rhionaeschna confusa,XO,14
Odonata,Aeshnidae,Rhionaeschna,Rhionaeschna diffinis,XO,11
Odonata,Aeshnidae,Rhionaeschna,Rhionaeschna intricata,XO,10
Odonata,Aeshnidae,Rhionaeschna,Rhionaeschna peralta,XO,14
Odonata,Aeshnidae,Staurophlebia,Staurophlebia reticulata,XO,14
Odonata,Petaluridae,Tachopteryx,Tachopteryx thoreyi,XO,10
Odonata,Petaluridae,Tanypteryx,Tanypteryx hageni,XO,9
Odonata,Petaluridae,Tanypteryx,Tanypteryx sp.,XO,9
Odonata,Petaluridae,Uropetala ,Uropetala carovei,XO,9
Odonata,Petaluridae,Uropetala ,Uropetala carovei,XO,13
Odonata,Gomphidae,Anisogomphus,Anisogomphus bivittatus,XO,12
Odonata,Gomphidae,Anisogomphus,Anisogomphus occipitalis,XO,12
Odonata,Gomphidae,Aphylla,Aphylla edentata,XO,12
Odonata,Gomphidae,Aphylla,Aphylla producta,XO,12
Odonata,Gomphidae,Aphylla,Aphylla theodorina,XO,12
Odonata,Gomphidae,Aphylla,Aphylla williamsoni,XO,12
Odonata,Gomphidae,Aphylla,Aphylla sp.,XO,12
Odonata,Gomphidae,Arigomphus,Arigomphus lentulus,XO,12
Odonata,Gomphidae,Arigomphus,Arigomphus pallidus,XO,12
Odonata,Gomphidae,Arigomphus,Arigomphus submedianus,XO,12
Odonata,Gomphidae,Asiagomphus,Asiagomphus melaenops,XO,12
Odonata,Gomphidae,Burmagomphus,Burmagomphus pyramidalis,XO,12
Odonata,Gomphidae,Davidius,Davidius nanus,XO,12
Odonata,Gomphidae,Dromogomphus,Dromogomphus spinosus,XO,12
Odonata,Gomphidae,Dromogomphus,Dromogomphus spoliatus,XO,12
Odonata,Gomphidae,Epigomphus,Epigomphus llama,XO,12
Odonata,Gomphidae,Erpetogomphus,Erpetogomphus designatus,XO,12
Odonata,Gomphidae,Erpetogomphus,Erpetogomphus diadophis,XO,12
Odonata,Gomphidae,Erpetogomphus,Erpetogomphus ophibolus,XO,12
Odonata,Gomphidae,Gomphoides,Gomphoides sp.,XO,12
Odonata,Gomphidae,Gomphus,Gomphus confraternus,XO,12
Odonata,Gomphidae,Gomphus,Gomphus exilis,XO,12
Odonata,Gomphidae,Gomphus,Gomphus pulchellus,XO,12
Odonata,Gomphidae,Gomphus,Gomphus vulgatissimus,XO,12
Odonata,Gomphidae,Ictinogomphus,Ictinogomphus rapax,XO,12
Odonata,Gomphidae,Nepogomphus,Nepogomphus modestus,XO,12
Odonata,Gomphidae,Nihonogomphus,Nihonogomphus ruptus,XO,12
Odonata,Gomphidae,Nihonogomphus,Nihonogomphus viridis,XO,12
Odonata,Gomphidae,Octogomphus,Octogomphus specularis,XO,12
Odonata,Gomphidae,Onychogomphus,Onychogomphus forcipatus,XO,13
Odonata,Gomphidae,Ophiogomphus,Ophiogomphus bison,XO,12
Odonata,Gomphidae,Ophiogomphus,Ophiogomphus bison,XO,13
Odonata,Gomphidae,Ophiogomphus,Ophiogomphus cecilia,XO,12
Odonata,Gomphidae,Ophiogomphus,Ophiogomphus colubrinus,XO,12
Odonata,Gomphidae,Ophiogomphus,Ophiogomphus obscurus,XO,12
Odonata,Gomphidae,Ophiogomphus,Ophiogomphus occidentis,XO,12
Odonata,Gomphidae,Ophiogomphus,Ophiogomphus rupinsulensis,XO,12
Odonata,Gomphidae,Phanogomphus,Phanogomphus lividus,XO,12
Odonata,Gomphidae,Phanogomphus,Phanogomphus militaris,XO,12
Odonata,Gomphidae,Phanogomphus,Phanogomphus spicatus,XO,12
Odonata,Gomphidae,Paragomphus,Paragomphus lineatus,XO,12
Odonata,Gomphidae,Paragomphus,Paragomphus capricornis,XO,12
Odonata,Gomphidae,Phyllocycla,Phyllocycla propinqua,XO,11
Odonata,Gomphidae,Phyllocycla,Phyllocycla sp.,XO,12
Odonata,Gomphidae,Phyllocycla,Phyllocycla sp. 1,XO,12
Odonata,Gomphidae,Phyllogomphoides,Phyllogomphoides undulatus,XO,12
Odonata,Gomphidae,Progomphus,Progomphus borealis,XO,12
Odonata,Gomphidae,Progomphus,Progomphus intricatus,XO,12
Odonata,Gomphidae,Progomphus,Progomphus obscurus,XO,12
Odonata,Gomphidae,Progomphus,Progomphus phyllochromus,XO,12
Odonata,Gomphidae,Scalmogomphus,Scalmogomphus bistrigatus,XO,12
Odonata,Gomphidae,Shaogomphus,Shaogomphus postocularis,XO,12
Odonata,Gomphidae,Sieboldius,Sieboldius albardae,XO,12
Odonata,Gomphidae,Stylogomphus,Stylogomphus suzukii,XO,12
Odonata,Gomphidae,Stylurus,Stylurus flavipes,XO,12
Odonata,Gomphidae,Stylurus,Stylurus plagiatus,XO,12
Odonata,Gomphidae,Stylurus,Stylurus scudderi,XO,12
Odonata,Gomphidae,Temnogomphus,Temnogomphus bivittatus,XO,12
Odonata,Gomphidae,Trigomphus,Trigomphus citimus,XO,11
Odonata,Gomphidae,Trigomphus,Trigomphus interruptus,XO,10
Odonata,Gomphidae,Trigomphus,Trigomphus melampus,XO,11
Odonata,Gomphidae,Zonophora,Zonophora calippus,XO,12
Odonata,Macromiidae,Didymops ,Didymops transversa,XO,13
Odonata,Macromiidae,Epophthalmia,Epophthalmia frontalis,XO,13
Odonata,Macromiidae,Macromia,Macromia daimoji,XO,13
Odonata,Macromiidae,Macromia,Macromia amphigenia,XO,13
Odonata,Macromiidae,Macromia,Macromia magnifica,XO,13
Odonata,Macromiidae,Macromia,Macromia moorei,XO,13
Odonata,Corduliidae,Cordulia,Cordulia aenea,XO,13
Odonata,Corduliidae,Cordulia,Cordulia shurtleffii,XO,13
Odonata,Corduliidae,Dorocordulia,Dorocordulia libera,XO,6
Odonata,Corduliidae,Dorocordulia,Dorocordulia libera,XO,7
Odonata,Corduliidae,Epicordulia,Epicordulia princeps,XO,13
Odonata,Corduliidae,Epitheca,Epitheca bimaculata,XO,13
Odonata,Corduliidae,Epitheca,Epitheca canis,XO,13
Odonata,Corduliidae,Epitheca,Epitheca cynosura,XO,10
Odonata,Corduliidae,Epitheca,Epitheca cynosura,XO,11
Odonata,Corduliidae,Epitheca,Epitheca petechialis,XO,11
Odonata,Corduliidae,Epitheca,Epitheca semiaquea,XO,13
Odonata,Corduliidae,Epitheca,Epitheca spinigera,XO,13
Odonata,Corduliidae,Epitheca,Epitheca spinigera,XO,14
Odonata,Corduliidae,Procordulia,Procordulia grayi,XO,13
Odonata,Corduliidae,Procordulia,Procordulia smithii,XO,13
Odonata,Corduliidae,Rialla,Rialla villosa,XO,13
Odonata,Corduliidae,Somatochlora,Somatochlora alpestris,XO,13
Odonata,Corduliidae,Somatochlora,Somatochlora alpestris,XO,14
Odonata,Corduliidae,Somatochlora,Somatochlora arctica,XO,13
Odonata,Corduliidae,Somatochlora,Somatochlora borisi,XO,10
Odonata,Corduliidae,Somatochlora,Somatochlora flavomaculata,XO,13
Odonata,Corduliidae,Somatochlora,Somatochlora graeseri,XO,13
Odonata,Corduliidae,Somatochlora,Somatochlora meridionalis,XO,13
Odonata,Corduliidae,Somatochlora,Somatochlora metallica,XO,13
Odonata,Corduliidae,Somatochlora,Somatochlora semicircularis,XO,13
Odonata,Corduliidae,Somatochlora,Somatochlora uchidai,XO,13
Odonata,Corduliidae,Somatochlora,Somatochlora viridiaenea,XO,13
Odonata,Libellulidae,Acisoma,Acisoma panorpoides,XO,13
Odonata,Libellulidae,Aethriamanta,Aethriamanta brevipennis,XO,13
Odonata,Libellulidae,Anatya,Anatya guttata,XO,13
Odonata,Libellulidae,Atoconeura,Atoconeura biordinata,XO,11
Odonata,Libellulidae,Brachydiplax,Brachydiplax chalybea,XO,13
Odonata,Libellulidae,Brachydiplax,Brachydiplax farinosa,XO,13
Odonata,Libellulidae,Brachydiplax,Brachydiplax sobrina,XO,13
Odonata,Libellulidae,Brachymesia,Brachymesia furcata,XO,13
Odonata,Libellulidae,Brachymesia,Brachymesia gravida,XO,13
Odonata,Libellulidae,Brachymesia,Brachymesia herbida,XO,13
Odonata,Libellulidae,Brachythemis,Brachythemis contaminata,XO,13
Odonata,Libellulidae,Brachythemis,Brachythemis lacustris,XO,13
Odonata,Libellulidae,Bradinopyga,Bradinopyga cornuta,XO,13
Odonata,Libellulidae,Bradinopyga,Bradinopyga geminata,XO,13
Odonata,Libellulidae,Brechmorhoga,Brechmorhoga mendax,XO,13
Odonata,Libellulidae,Brechmorhoga,Brechmorhoga nubecula,XO,13
Odonata,Libellulidae,Brechmorhoga,Brechmorhoga pertinax,XO,13
Odonata,Libellulidae,Cannaphila,Cannaphila vibex,XO,13
Odonata,Libellulidae,Celithemis,Celithemis amanda,XO,13
Odonata,Libellulidae,Celithemis,Celithemis elisa,XO,13
Odonata,Libellulidae,Celithemis,Celithemis fasciata,XO,13
Odonata,Libellulidae,Celithemis,Celithemis ornata,XO,13
Odonata,Libellulidae,Crocothemis,Crocothemis erythraea,XO,13
Odonata,Libellulidae,Crocothemis,Crocothemis sanguinolenta,XO,13
Odonata,Libellulidae,Crocothemis,Crocothemis servilia,XO,13
Odonata,Libellulidae,Dasythemis,Dasythemis esmeralda,XO,13
Odonata,Libellulidae,Dasythemis,Dasythemis mincki,XO,13
Odonata,Libellulidae,Dasythemis,Dasythemis venosa,XO,13
Odonata,Libellulidae,Diastatops,Diastatops intensa,XO,13
Odonata,Libellulidae,Diastatops,Diastatops obscura,XO,13
Odonata,Libellulidae,Diastatops,Diastatops pullata,XO,12
Odonata,Libellulidae,Diplacodes,Diplacodes bipunctata,XO,13
Odonata,Libellulidae,Diplacodes,Diplacodes bipunctata,XO,15
Odonata,Libellulidae,Diplacodes,Diplacodes haematodes,XO,13
Odonata,Libellulidae,Diplacodes,Diplacodes haematodes,XO,12
Odonata,Libellulidae,Diplacodes,Diplacodes lefebvrii,XO,13
Odonata,Libellulidae,Diplacodes,Diplacodes nebulosa,XO,13
Odonata,Libellulidae,Diplacodes,Diplacodes trivialis,XO,13
Odonata,Libellulidae,Dythemis,Dythemis fugax,XO,13
Odonata,Libellulidae,Dythemis,Dythemis multipunctata,XO,13
Odonata,Libellulidae,Dythemis,Dythemis rufinervis,XO,13
Odonata,Libellulidae,Dythemis,Dythemis velox,XO,13
Odonata,Libellulidae,Elasmothemis,Elasmothemis cannacrioides,XO,11
Odonata,Libellulidae,Elasmothemis,Elasmothemis cannacrioides,XO,12
Odonata,Libellulidae,Elasmothemis,Elasmothemis williamsoni,XO,13
Odonata,Libellulidae,Erythemis,Erythemis attala,XO,13
Odonata,Libellulidae,Erythemis,Erythemis collocata,XO,13
Odonata,Libellulidae,Erythemis,Erythemis credula,XO,13
Odonata,Libellulidae,Erythemis,Erythemis haematogastra,XO,13
Odonata,Libellulidae,Erythemis,Erythemis peruviana,XO,13
Odonata,Libellulidae,Erythemis,Erythemis plebeja,XO,13
Odonata,Libellulidae,Erythemis,Erythemis simplicicollis,XO,13
Odonata,Libellulidae,Erythemis,Erythemis vesiculosa,XO,13
Odonata,Libellulidae,Erythrodiplax,Erythrodiplax anomala,XO,13
Odonata,Libellulidae,Erythrodiplax,Erythrodiplax atroterminata,XO,13
Odonata,Libellulidae,Erythrodiplax,Erythrodiplax attenuata,XO,13
Odonata,Libellulidae,Erythrodiplax,Erythrodiplax basalis,XO,13
Odonata,Libellulidae,Erythrodiplax,Erythrodiplax berenice,XO,13
Odonata,Libellulidae,Erythrodiplax,Erythrodiplax berenice,XO,14
Odonata,Libellulidae,Erythrodiplax,Erythrodiplax castanea,XO,13
Odonata,Libellulidae,Erythrodiplax,Erythrodiplax chromoptera,XO,12
Odonata,Libellulidae,Erythrodiplax,Erythrodiplax cleopatra,XO,13
Odonata,Libellulidae,Erythrodiplax,Erythrodiplax connata,XO,13
Odonata,Libellulidae,Erythrodiplax,Erythrodiplax corallina,XO,13
Odonata,Libellulidae,Erythrodiplax,Erythrodiplax famula,XO,13
Odonata,Libellulidae,Erythrodiplax,Erythrodiplax fusca,XO,13
Odonata,Libellulidae,Erythrodiplax,Erythrodiplax fervida,XO,13
Odonata,Libellulidae,Erythrodiplax,Erythrodiplax justiniana,XO,13
Odonata,Libellulidae,Erythrodiplax,Erythrodiplax juliana,XO,13
Odonata,Libellulidae,Erythrodiplax,Erythrodiplax latimaculata,XO,13
Odonata,Libellulidae,Erythrodiplax,Erythrodiplax lygaea,XO,13
Odonata,Libellulidae,Erythrodiplax,Erythrodiplax media,XO,11
Odonata,Libellulidae,Erythrodiplax,Erythrodiplax melanorubra,XO,13
Odonata,Libellulidae,Erythrodiplax,Erythrodiplax minuscula,XO,13
Odonata,Libellulidae,Erythrodiplax,Erythrodiplax nigricans,XO,13
Odonata,Libellulidae,Erythrodiplax,Erythrodiplax ochracea,XO,13
Odonata,Libellulidae,Erythrodiplax,Erythrodiplax paraguayensis,XO,12
Odonata,Libellulidae,Erythrodiplax,Erythrodiplax umbrata,XO,13
Odonata,Libellulidae,Erythrodiplax,Erythrodiplax unimaculata,XO,13
Odonata,Libellulidae,Hydrobasileus,Hydrobasileus croceus,XO,13
Odonata,Libellulidae,Ladona,Ladona julia,XO,13
Odonata,Libellulidae,Lathrecista,Lathrecista asiatica,XO,13
Odonata,Libellulidae,Leucorrhinia,Leucorrhinia albifrons,XO,13
Odonata,Libellulidae,Leucorrhinia,Leucorrhinia dubia,XO,13
Odonata,Libellulidae,Leucorrhinia,Leucorrhinia frigida,XO,11
Odonata,Libellulidae,Leucorrhinia,Leucorrhinia frigida,XO,12
Odonata,Libellulidae,Leucorrhinia,Leucorrhinia glacialis,XO,13
Odonata,Libellulidae,Leucorrhinia,Leucorrhinia hudsonica,XO,13
Odonata,Libellulidae,Leucorrhinia,Leucorrhinia intacta,XO,13
Odonata,Libellulidae,Leucorrhinia,Leucorrhinia proxima,XO,13
Odonata,Libellulidae,Leucorrhinia,Leucorrhinia rubicunda,XO,13
Odonata,Libellulidae,Libellula,Libellula angelina,XO,13
Odonata,Libellulidae,Libellula,Libellula auripennis,XO,13
Odonata,Libellulidae,Libellula,Libellula axilena,XO,12
Odonata,Libellulidae,Libellula,Libellula basalis,XO,13
Odonata,Libellulidae,Libellula,Libellula composita,XO,13
Odonata,Libellulidae,Libellula,Libellula croceipennis,XO,13
Odonata,Libellulidae,Libellula,Libellula cyanea,XO,13
Odonata,Libellulidae,Libellula,Libellula depressa,XO,12
Odonata,Libellulidae,Libellula,Libellula depressa,XO,13
Odonata,Libellulidae,Libellula,Libellula flavida,XO,13
Odonata,Libellulidae,Libellula,Libellula forensis,XO,13
Odonata,Libellulidae,Libellula,Libellula fulva,XO,13
Odonata,Libellulidae,Libellula,Libellula fulva,XO,14
Odonata,Libellulidae,Libellula,Libellula incesta,XO,13
Odonata,Libellulidae,Libellula,Libellula luctuosa,XO,13
Odonata,Libellulidae,Libellula,Libellula pulchella,XO,13
Odonata,Libellulidae,Libellula,Libellula quadrimaculata,XO,13
Odonata,Libellulidae,Libellula,Libellula saturata,XO,13
Odonata,Libellulidae,Libellula,Libellula semifasciata,XO,13
Odonata,Libellulidae,Libellula,Libellula vibrans,XO,13
Odonata,Libellulidae,Lyriothemis,Lyriothemis pachygastra,XO,13
Odonata,Libellulidae,Macrothemis,Macrothemis declivata,XO,12
Odonata,Libellulidae,Macrothemis,Macrothemis imitans,XO,13
Odonata,Libellulidae,Macrothemis,Macrothemis mortoni,XO,13
Odonata,Libellulidae,Macrothemis,Macrothemis musiva,XO,13
Odonata,Libellulidae,Macrothemis,Macrothemis sp.,XO,13
Odonata,Libellulidae,Miathyria,Miathyria artemis,XO,13
Odonata,Libellulidae,Miathyria,Miathyria marcella,XO,13
Odonata,Libellulidae,Micrathyria,Micrathyria artemis,XO,13
Odonata,Libellulidae,Micrathyria,Micrathyria atra,XO,13
Odonata,Libellulidae,Micrathyria,Micrathyria catenata,XO,13
Odonata,Libellulidae,Micrathyria,Micrathyria didyma,XO,13
Odonata,Libellulidae,Micrathyria,Micrathyria eximia,XO,13
Odonata,Libellulidae,Micrathyria,Micrathyria hagenii,XO,13
Odonata,Libellulidae,Micrathyria,Micrathyria hesperis,XO,13
Odonata,Libellulidae,Micrathyria,Micrathyria hypodidyma,XO,12
Odonata,Libellulidae,Micrathyria,Micrathyria hypodidyma,XO,13
Odonata,Libellulidae,Micrathyria,Micrathyria iheringi,XO,12
Odonata,Libellulidae,Micrathyria,Micrathyria laevigata,XO,13
Odonata,Libellulidae,Micrathyria,Micrathyria ocellata,XO,13
Odonata,Libellulidae,Micrathyria,Micrathyria spuria,XO,13
Odonata,Libellulidae,Micrathyria,Micrathyria stawiarskii,XO,13
Odonata,Libellulidae,Micrathyria,Micrathyria cf. eximia,XO,11
Odonata,Libellulidae,Micrathyria,Micrathyria sp. (ungulata-group),XO,12
Odonata,Libellulidae,Nannothemis,Nannothemis bella,XO,13
Odonata,Libellulidae,Nesciothemis,Nesciothemis farinosa,XO,13
Odonata,Libellulidae,Nesogonia,Nesogonia blackburni,XO,13
Odonata,Libellulidae,Neurothemis,Neurothemis fulvia,XO,13
Odonata,Libellulidae,Neurothemis,Neurothemis intermedia,XO,13
Odonata,Libellulidae,Neurothemis,Neurothemis terminata,XO,13
Odonata,Libellulidae,Neurothemis,Neurothemis tullia,XO,13
Odonata,Libellulidae,Oligoclada,Oligoclada amphinome,XO,13
Odonata,Libellulidae,Oligoclada,Oligoclada laetitia,XO,12
Odonata,Libellulidae,Oligoclada,Oligoclada laetitia,XO,11
Odonata,Libellulidae,Oligoclada,Oligoclada monosticha,XO,12
Odonata,Libellulidae,Oligoclada,Oligoclada pachystigma,XO,12
Odonata,Libellulidae,Orthemis,Orthemis biolleyi,XO,12
Odonata,Libellulidae,Orthemis,Orthemis cultiformis,XO,12
Odonata,Libellulidae,Orthemis,Orthemis discolor,XO,12
Odonata,Libellulidae,Orthemis,Orthemis ferruginea,XO,12
Odonata,Libellulidae,Orthemis,Orthemis ferruginea,XO,13
Odonata,Libellulidae,Orthemis,Orthemis nodiplaga,XO,21
Odonata,Libellulidae,Orthetrum,Orthetrum abbotti,XO,13
Odonata,Libellulidae,Orthetrum,Orthetrum albistylum,XO,13
Odonata,Libellulidae,Orthetrum,Orthetrum azureum,XO,13
Odonata,Libellulidae,Orthetrum,Orthetrum brachiale,XO,11
Odonata,Libellulidae,Orthetrum,Orthetrum brachiale,XO,13
Odonata,Libellulidae,Orthetrum,Orthetrum brunneum,XO,13
Odonata,Libellulidae,Orthetrum,Orthetrum cancellatum,XO,13
Odonata,Libellulidae,Orthetrum,Orthetrum chrysostigma,XO,13
Odonata,Libellulidae,Orthetrum,Orthetrum coerulescens,XO,13
Odonata,Libellulidae,Orthetrum,Orthetrum coerulescens,XO,12
Odonata,Libellulidae,Orthetrum,Orthetrum coerulescens,XO,14
Odonata,Libellulidae,Orthetrum,Orthetrum glaucum,XO,13
Odonata,Libellulidae,Orthetrum,Orthetrum guineense,XO,13
Odonata,Libellulidae,Orthetrum,Orthetrum japonicum,XO,13
Odonata,Libellulidae,Orthetrum,Orthetrum julia,XO,13
Odonata,Libellulidae,Orthetrum,Orthetrum iuzonicum,XO,13
Odonata,Libellulidae,Orthetrum,Orthetrum melania,XO,13
Odonata,Libellulidae,Orthetrum,Orthetrum monardi,XO,13
Odonata,Libellulidae,Orthetrum,Orthetrum poecilops,XO,13
Odonata,Libellulidae,Orthetrum,Orthetrum pruinosum,XO,13
Odonata,Libellulidae,Orthetrum,Orthetrum sabina,XO,13
Odonata,Libellulidae,Orthetrum,Orthetrum taeniolatum,XO,13
Odonata,Libellulidae,Orthetrum,Orthetrum testaceum,XO,13
Odonata,Libellulidae,Orthetrum,Orthetrum triangulare,XO,13
Odonata,Libellulidae,Pachydiplax,Pachydiplax longipennis,XO,13
Odonata,Libellulidae,Palpopleura,Palpopleura jucunda,XO,13
Odonata,Libellulidae,Palpopleura,"Palpopleura lucia (Drury, 1773)",XO,13
Odonata,Libellulidae,Palpopleura,Palpopleura sexmaculata,XO,13
Odonata,Libellulidae,Pantala,Pantala flavescens,XO,13
Odonata,Libellulidae,Pantala,Pantala flavescens,XO,12
Odonata,Libellulidae,Pantala,Pantala hymenaea,XO,13
Odonata,Libellulidae,Perithemis,Perithemis cornelia,XO,13
Odonata,Libellulidae,Perithemis,Perithemis domitia,XO,13
Odonata,Libellulidae,Perithemis,Perithemis electra,XO,13
Odonata,Libellulidae,Perithemis,Perithemis icteroptera,XO,13
Odonata,Libellulidae,Perithemis,Perithemis lais,XO,9
Odonata,Libellulidae,Perithemis,Perithemis mooma,XO,13
Odonata,Libellulidae,Perithemis,Perithemis tenera,XO,13
Odonata,Libellulidae,Perithemis,Perithemis seminole,XO,13
Odonata,Libellulidae,Perithemis,Perithemis sp.,XO,13
Odonata,Libellulidae,Planiplax,Planiplax erythropyga,XO,13
Odonata,Libellulidae,Planiplax,Planiplax sanguiniventris,XO,13
Odonata,Libellulidae,Plathemis,Plathemis lydia,XO,13
Odonata,Libellulidae,Potamarcha,Potamarcha congener,XO,13
Odonata,Libellulidae,Pseudotramea,Pseudotramea prateri,XO,13
Odonata,Libellulidae,Rhodopygia,Rhodopygia cardinalis,XO,13
Odonata,Libellulidae,Rhodopygia,Rhodopygia geijskesi,XO,13
Odonata,Libellulidae,Rhodothemis,Rhodothemis rufa,XO,13
Odonata,Libellulidae,Rhyothemis,Rhyothemis fuliginosa,XO,13
Odonata,Libellulidae,Rhyothemis,Rhyothemis fuliginosa,XO,12
Odonata,Libellulidae,Rhyothemis,Rhyothemis variegata,XO,13
Odonata,Libellulidae,Scapanea,Scapanea frontalis,XO,13
Odonata,Libellulidae,Sympetrum,Sympetrum commixtum,XO,13
Odonata,Libellulidae,Sympetrum,Sympetrum corruptum,XO,13
Odonata,Libellulidae,Sympetrum,Sympetrum costiferum,XO,13
Odonata,Libellulidae,Sympetrum,Sympetrum croceolum,XO,13
Odonata,Libellulidae,Sympetrum,Sympetrum danae,XO,13
Odonata,Libellulidae,Sympetrum,Sympetrum eroticum,XO,11
Odonata,Libellulidae,Sympetrum,Sympetrum flaveolum,XO,13
Odonata,Libellulidae,Sympetrum,Sympetrum fonscolombii,XO,13
Odonata,Libellulidae,Sympetrum,Sympetrum frequens,XO,12
Odonata,Libellulidae,Sympetrum,Sympetrum infuscatum,XO,13
Odonata,Libellulidae,Sympetrum,Sympetrum internum,XO,14
Odonata,Libellulidae,Sympetrum,Sympetrum madidum,XO,13
Odonata,Libellulidae,Sympetrum,Sympetrum meridionale,XO,13
Odonata,Libellulidae,Sympetrum,Sympetrum obtrusum,XO,13
Odonata,Libellulidae,Sympetrum,Sympetrum parvulum,XO,13
Odonata,Libellulidae,Sympetrum,Sympetrum pedemontanum,XO,13
Odonata,Libellulidae,Sympetrum,Sympetrum rubicundulum,XO,13
Odonata,Libellulidae,Sympetrum,Sympetrum sanguineum,XO,13
Odonata,Libellulidae,Sympetrum,Sympetrum semicinctum,XO,13
Odonata,Libellulidae,Sympetrum,Sympetrum striolatum,XO,13
Odonata,Libellulidae,Sympetrum,Sympetrum vicinum,XO,13
Odonata,Libellulidae,Sympetrum,Sympetrum vulgatum,XO,13
Odonata,Libellulidae,Tarnetrum,Tarnetrum illotum,XO,13
Odonata,Libellulidae,Tauriphila,Tauriphila australis,XO,13
Odonata,Libellulidae,Tauriphila,Tauriphila azteca,XO,13
Odonata,Libellulidae,Tauriphila,Tauriphila risi,XO,13
Odonata,Libellulidae,Tholymis,Tholymis citrina,XO,13
Odonata,Libellulidae,Tholymis,Tholymis tillarga,XO,13
Odonata,Libellulidae,Tramea,Tramea abdominalis,XO,13
Odonata,Libellulidae,Tramea,Tramea basilaris,XO,13
Odonata,Libellulidae,Tramea,Tramea binotata,XO,13
Odonata,Libellulidae,Tramea,Tramea carolina,XO,13
Odonata,Libellulidae,Tramea,Tramea cophysa,XO,13
Odonata,Libellulidae,Tramea,Tramea lacerata,XO,13
Odonata,Libellulidae,Tramea,Tramea limbata,XO,13
Odonata,Libellulidae,Tramea,Tramea virginia,XO,13
Odonata,Libellulidae,Trithemis,Trithemis annulata,XO,13
Odonata,Libellulidae,Trithemis,Trithemis arteriosa,XO,13
Odonata,Libellulidae,Trithemis,Trithemis atra,XO,13
Odonata,Libellulidae,Trithemis,Trithemis aurora,XO,13
Odonata,Libellulidae,Trithemis,Trithemis dorsalis,XO,13
Odonata,Libellulidae,Trithemis,Trithemis festiva,XO,13
Odonata,Libellulidae,Trithemis,Trithemis furva,XO,13
Odonata,Libellulidae,Trithemis,Trithemis imitata,XO,13
Odonata,Libellulidae,Trithemis,Trithemis kirbyi,XO,13
Odonata,Libellulidae,Trithemis,Trithemis pallidinervis,XO,13
Odonata,Libellulidae,Trithemis,Trithemis werneri,XO,13
Odonata,Libellulidae,Uracis,Uracis imbuta,XO,13
Odonata,Libellulidae,Uracis,Uracis ovipositrix,XO,13
Odonata,Libellulidae,Urothemis,Urothemis edwardsi,XO,13
Odonata,Libellulidae,Urothemis,Urothemis signata,XO,13
Odonata,Libellulidae,Zenithoptera,Zenithoptera fasciata,XO,13
Odonata,Libellulidae,Zenithoptera,Zenithoptera lanei,XO,13
Odonata,Libellulidae,Zenithoptera,Zenithoptera viola,XO,13
Odonata,Libellulidae,Zygonyx,Zygonyx iris,XO,12
Odonata,Libellulidae,Zygonyx,Zygonyx torrida,XO,13
Odonata,Libellulidae,Zyxomma,Zyxomma petiolatum,XO,13
Odonata,Chlorogomphidae,Watanabeopetalia,Watanabeopetalia atkinsoni,XO,13
Odonata,Cordulegastridae,Anotogaster,Anotogaster basalis,XO,12
Odonata,Cordulegastridae,Anotogaster,Anotogaster kuchenbeiseri,XO,13
Odonata,Cordulegastridae,Anotogaster,Anotogaster sieboldii,XO,13
Odonata,Cordulegastridae,Cordulegaster,Cordulegaster boltonii,XO,13
Odonata,Cordulegastridae,Cordulegaster,Cordulegaster brevistigma,XO,13
Odonata,Cordulegastridae,Cordulegaster,Cordulegaster diastatops,XO,13
Odonata,Cordulegastridae,Cordulegaster,Cordulegaster dorsalis,XO,13
Odonata,Cordulegastridae,Cordulegaster,Cordulegaster maculata,XO,13
Odonata,Cordulegastridae,Neallogaster,Neallogaster hermionae,XO,13
Odonata,Lestidae,Austrolestes,Austrolestes colensonis,XO,13
Odonata,Lestidae,Chalcolestes,Chalcolestes viridis,XO,13
Odonata,Lestidae,Indolestes,Indolestes cyaneus,XO,13
Odonata,Lestidae,Lestes,Lestes barbarus,XO,13
Odonata,Lestidae,Lestes,Lestes congener,XO,13
Odonata,Lestidae,Lestes,Lestes disjunctus,XO,13
Odonata,Lestidae,Lestes,Lestes dorothea,XO,13
Odonata,Lestidae,Lestes,Lestes dryas,XO,13
Odonata,Lestidae,Lestes,Lestes forcipatus,XO,11
Odonata,Lestidae,Lestes,Lestes forficula,XO,13
Odonata,Lestidae,Lestes,Lestes paulistus,XO,13
Odonata,Lestidae,Lestes,Lestes rectangularis,XO,13
Odonata,Lestidae,Lestes,Lestes simulatrix,XO,13
Odonata,Lestidae,Lestes,Lestes sponsa,XO,13
Odonata,Lestidae,Lestes,Lestes stultus,XO,13
Odonata,Lestidae,Lestes,Lestes vidua,XO,13
Odonata,Lestidae,Lestes,Lestes vigilax,XO,10
Odonata,Lestidae,Lestes,Lestes virens,XO,13
Odonata,Lestidae,Sympecma,Sympecma fusca,XO,13
Odonata,Lestidae,Sympecma,Sympecma paedisca,XO,13
Odonata,Synlestidae,Megalestes,Megalestes major,XO,13
Odonata,Platystictidae,Drepanosticta,Drepanosticta sp.,XO,13
Odonata,Platystictidae,Drepanosticta,Drepanosticta sp.,XO,13
Odonata,Platystictidae,Palaemnema,Palaemnema paulina,XO,13
Odonata,Platystictidae,Protosticta,Protosticta sp.,XO,13
Odonata,Calopterygidae,Atrocalopteryx,Atrocalopteryx atrata,XO,13
Odonata,Calopterygidae,Calopteryx,Calopteryx aequabilis,XO,13
Odonata,Calopterygidae,Calopteryx,Calopteryx cornelia,XO,13
Odonata,Calopterygidae,Calopteryx,Calopteryx dimidiata,XO,13
Odonata,Calopterygidae,Calopteryx,Calopteryx japonica,XO,13
Odonata,Calopterygidae,Calopteryx,Calopteryx maculata,XO,13
Odonata,Calopterygidae,Calopteryx,Calopteryx splendens,XO,13
Odonata,Calopterygidae,Calopteryx,Calopteryx virgo,XO,13
Odonata,Calopterygidae,Calopteryx,Calopteryx virgo,XO,14
Odonata,Calopterygidae,Hetaerina,Hetaerina americana,XO,13
Odonata,Calopterygidae,Hetaerina,Hetaerina charca,XO,13
Odonata,Calopterygidae,Hetaerina,Hetaerina longipes,XO,13
Odonata,Calopterygidae,Hetaerina,Hetaerina rosea,XO,14
Odonata,Calopterygidae,Hetaerina,Hetaerina rosea,XO,13
Odonata,Calopterygidae,Hetaerina,Hetaerina sanguinea,XO,13
Odonata,Calopterygidae,Hetaerina,Hetaerina titia,XO,13
Odonata,Calopterygidae,Hetaerina,Hetaerina vulnerata,XO,13
Odonata,Calopterygidae,Matrona,Matrona basilaris,XO,13
Odonata,Calopterygidae,Mnais,Mnais costalis,XO,13
Odonata,Calopterygidae,Mnais,Mnais pruinosa,XO,13
Odonata,Calopterygidae,Neurobasis,Neurobasis chinensis,XO,12
Odonata,Calopterygidae,Neurobasis,Neurobasis chinensis,XO,13
Odonata,Calopterygidae,Phaon,Phaon iridipennis,XO,13
Odonata,Chlorocyphidae,Aristocypha,Aristocypha fenestrella ,XO,12
Odonata,Chlorocyphidae,Aristocypha,Aristocypha quadrimaculata,XO,12
Odonata,Chlorocyphidae,Aristocypha,Aristocypha trifasciata,XO,12
Odonata,Chlorocyphidae,Heliocypha,Heliocypha biforata,XO,12
Odonata,Chlorocyphidae,Heliocypha,Heliocypha biseriata,XO,12
Odonata,Chlorocyphidae,Libellago,Libellago lineata,XO,12
Odonata,Chlorocyphidae,Libellago,Libellago lineata,XO,13
Odonata,Chlorocyphidae,Paracypha,Paracypha unimaculata,XO,12
Odonata,Chlorocyphidae,Rhinocypha,Rhinocypha colorata,XO,12
Odonata,Chlorocyphidae,Rhinocypha,Rhinocypha colorata,XO,13
Odonata,Chlorocyphidae,Vestalis,Vestalis gracilis,XO,13
Odonata,Polythoridae,Cora,Cora irene,XO,12
Odonata,Polythoridae,Polythore,Polythore boliviana,XO,12
Odonata,Euphaeidae,Anisopleura,Anisopleura comes,XO,13
Odonata,Euphaeidae,Bayadera,Bayadera indica,XO,13
Odonata,Euphaeidae,Euphaea,Euphaea guerini,XO,13
Odonata,Euphaeidae,Epallage,Epallage fatime,XO,13
Odonata,Megapodagrionidae,Allopodagrion,Allopodagrion contortum,XO,13
Odonata,Megapodagrionidae,Teinopodagrion,Teinopodagrion macropus,XO,13
Odonata,Megapodagrionidae,Teinopodagrion,Teinopodagrion setigerum,XO,13
Odonata,Heteragrionidae,Heteragrion,Heteragrion flavidorsum,XO,13
Odonata,Heteragrionidae,Heteragrion,Heteragrion inca,XO,13
Odonata,Philogeniidae,Philogenia,Philogenia carrillica,XO,13
Odonata,Hypolestidae,Hypolestes,Hypolestes clara,XO,9
Odonata,Platycnemididae,Calicnemia,Calicnemia miniata,XO,13
Odonata,Platycnemididae,Calicnemia,Calicnemia pulverulans,XO,13
Odonata,Platycnemididae,Calicnemia,Calicnemia sp.,XO,13
Odonata,Platycnemididae,Calicnemia,Calicnemia sp.,XO,13
Odonata,Platycnemididae,Coeliccia,Coeliccia chromothorax,XO,13
Odonata,Platycnemididae,Coeliccia,Coeliccia bimaculata,XO,13
Odonata,Platycnemididae,Coeliccia,Coeliccia didyma,XO,13
Odonata,Platycnemididae,Coeliccia,Coeliccia fraseri,XO,13
Odonata,Platycnemididae,Coeliccia,Coeliccia renifera,XO,13
Odonata,Platycnemididae,Copera,Copera annulata,XO,13
Odonata,Platycnemididae,Copera,Copera marginipes,XO,13
Odonata,Platycnemididae,Copera,Copera vittata,XO,13
Odonata,Platycnemididae,Disparoneura,Disparoneura quadrimaculata,XO,13
Odonata,Platycnemididae,Esme,Esme cyaneovittata,XO,13
Odonata,Platycnemididae,Esme,Esme longistyla,XO,13
Odonata,Platycnemididae,Onychargia,Onychargia atrocyana,XO,13
Odonata,Platycnemididae,Platycnemis,Platycnemis pennipes,XO,13
Odonata,Platycnemididae,Prodasineura,Prodasineura autumnalis,XO,13
Odonata,Platycnemididae,Prodasineura,Prodasineura nigra,XO,13
Odonata,Platycnemididae,Prodasineura,Prodasineura verticalis,XO,13
Odonata,Platycnemididae,Prodasineura,Prodasineura sp.1,XO,13
Odonata,Platycnemididae,Prodasineura,Prodasineura sp.2,XO,13
Odonata,Coenagrionidae,Acanthagrion,Acanthagrion ascendens,XO,14
Odonata,Coenagrionidae,Acanthagrion,Acanthagrion chacoense,XO,14
Odonata,Coenagrionidae,Acanthagrion,Acanthagrion gracile,XO,14
Odonata,Coenagrionidae,Aeolagrion,Aeolagrion inca,XO,14
Odonata,Coenagrionidae,Agriocnemis,Agriocnemis clauseni,XO,14
Odonata,Coenagrionidae,Agriocnemis,Agriocnemis femina,XO,14
Odonata,Coenagrionidae,Agriocnemis,Agriocnemis pygmaea,XO,14
Odonata,Coenagrionidae,Amphiagrion,Amphiagrion abbreviatum,XO,14
Odonata,Coenagrionidae,Amphiallagma,Amphiallagma parvum,XO,14
Odonata,Coenagrionidae,Argia,Argia apicalis,XO,19
Odonata,Coenagrionidae,Argia,Argia fumipennis,XO,14
Odonata,Coenagrionidae,Argia,Argia funebris,XO,14
Odonata,Coenagrionidae,Argia,Argia immunda,XO,14
Odonata,Coenagrionidae,Argia,Argia moesta,XO,13
Odonata,Coenagrionidae,Argia,Argia nahuana,XO,13
Odonata,Coenagrionidae,Argia,Argia sedula,XO,14
Odonata,Coenagrionidae,Argia,Argia tibialis,XO,19
Odonata,Coenagrionidae,Argia,Argia translata ,XO,13
Odonata,Coenagrionidae,Argia,Argia violacea,XO,14
Odonata,Coenagrionidae,Argia,Argia vivida,XO,14
Odonata,Coenagrionidae,Ceriagrion,Ceriagrion auranticum,XO,14
Odonata,Coenagrionidae,Ceriagrion,Ceriagrion azureum,XO,14
Odonata,Coenagrionidae,Ceriagrion,Ceriagrion cerinomelas,XO,14
Odonata,Coenagrionidae,Ceriagrion,Ceriagrion cerinorubellum,XO,14
Odonata,Coenagrionidae,Ceriagrion,Ceriagrion coromandelianum,XO,14
Odonata,Coenagrionidae,Ceriagrion,Ceriagrion fallax,XO,14
Odonata,Coenagrionidae,Ceriagrion,Ceriagrion glabrum,XO,14
Odonata,Coenagrionidae,Ceriagrion,Ceriagrion rubiae,XO,14
Odonata,Coenagrionidae,Ceriagrion,Ceriagrion tenellum,XO,14
Odonata,Coenagrionidae,Chromagrion,Chromagrion conditum,XO,14
Odonata,Coenagrionidae,Coenagrion,Coenagrion armatum,XO,14
Odonata,Coenagrionidae,Coenagrion,Coenagrion hastulatum,XO,14
Odonata,Coenagrionidae,Coenagrion,Coenagrion hylas,XO,14
Odonata,Coenagrionidae,Coenagrion,Coenagrion lunulatum,XO,14
Odonata,Coenagrionidae,Coenagrion,Coenagrion pulchellum,XO,14
Odonata,Coenagrionidae,Coenagrion,Coenagrion puella,XO,14
Odonata,Coenagrionidae,Coenagrion,Coenagrion resolutum,XO,14
Odonata,Coenagrionidae,Coenagrion,Coenagrion sp.,XO,14
Odonata,Coenagrionidae,Diceratobasis,Diceratobasis macrogaster,XO,14
Odonata,Coenagrionidae,Enallagma,Enallagma aspersum,XO,14
Odonata,Coenagrionidae,Enallagma,Enallagma boreale,XO,14
Odonata,Coenagrionidae,Enallagma,Enallagma carunculatum,XO,14
Odonata,Coenagrionidae,Enallagma,Enallagma circulatum,XO,14
Odonata,Coenagrionidae,Enallagma,Enallagma civile,XO,14
Odonata,Coenagrionidae,Enallagma,Enallagma cyathigerum,XO,14
Odonata,Coenagrionidae,Enallagma,Enallagma cyathigerum,XO,15
Odonata,Coenagrionidae,Enallagma,Enallagma ebrium,XO,14
Odonata,Coenagrionidae,Enallagma,Enallagma praevarum,XO,14
Odonata,Coenagrionidae,Erythromma,Erythromma lindenii,XO,14
Odonata,Coenagrionidae,Erythromma,Erythromma najas,XO,14
Odonata,Coenagrionidae,Homeoura,Homeoura chelifera,XO,14
Odonata,Coenagrionidae,Ischnura,Ischnura aurora,XO,14
Odonata,Coenagrionidae,Ischnura,Ischnura capreola,XO,14
Odonata,Coenagrionidae,Ischnura,Ischnura cervula,XO,14
Odonata,Coenagrionidae,Ischnura,Ischnura denticollis,XO,14
Odonata,Coenagrionidae,Ischnura,Ischnura elegans,XO,14
Odonata,Coenagrionidae,Ischnura,Ischnura fluviatilis,XO,14
Odonata,Coenagrionidae,Ischnura,Ischnura forcipata,XO,14
Odonata,Coenagrionidae,Ischnura,Ischnura nursei,XO,13
Odonata,Coenagrionidae,Ischnura,Ischnura pumilio,XO,14
Odonata,Coenagrionidae,Ischnura,Ischnura perparva,XO,14
Odonata,Coenagrionidae,Ischnura,Ischnura ramburii,XO,14
Odonata,Coenagrionidae,Ischnura,Ischnura rufostigma,XO,14
Odonata,Coenagrionidae,Ischnura,Ischnura senegalensis,XO,14
Odonata,Coenagrionidae,Ischnura,Ischnura verticalis,XO,14
Odonata,Coenagrionidae,Ischnura,Ischnura ultima,XO,14
Odonata,Coenagrionidae,Mecistogaster,Mecistogaster. sp. 1,XO,15
Odonata,Coenagrionidae,Megalagrion,Megalagrion oahuense,XO,14
Odonata,Coenagrionidae,Mortonagrion,Mortonagrion selenion,XO,14
Odonata,Coenagrionidae,Nehalennia,Nehalennia irene,XO,14
Odonata,Coenagrionidae,Oxyagrion,Oxyagrion hempeli,XO,14
Odonata,Coenagrionidae,Oxyagrion,Oxyagrion terminale,XO,14
Odonata,Coenagrionidae,Paracercion,Paracercion hieroglyphicum,XO,14
Odonata,Coenagrionidae,Paracercion,Paracercion malayanum,XO,14
Odonata,Coenagrionidae,Proischnura,Proischnura subfurcata,XO,14
Odonata,Coenagrionidae,Pseudagrion,Pseudagrion acaciae,XO,14
Odonata,Coenagrionidae,Pseudagrion,Pseudagrion australasiae,XO,14
Odonata,Coenagrionidae,Pseudagrion,Pseudagrion decorum,XO,14
Odonata,Coenagrionidae,Pseudagrion,Pseudagrion kersteni,XO,14
Odonata,Coenagrionidae,Pseudagrion,Pseudagrion microcephalum,XO,14
Odonata,Coenagrionidae,Pseudagrion,Pseudagrion pruinosum,XO,14
Odonata,Coenagrionidae,Pseudagrion,Pseudagrion rubriceps,XO,14
Odonata,Coenagrionidae,Pseudagrion,Pseudagrion salisburyense,XO,14
Odonata,Coenagrionidae,Pseudagrion,Pseudagrion spencei,XO,14
Odonata,Coenagrionidae,Pseudagrion,Pseudagrion whellani,XO,13
Odonata,Coenagrionidae,Telebasis,Telebasis carmesina,XO,14
Odonata,Coenagrionidae,Tigriagrion,Tigriagrion aurantinigrum,XO,14
Odonata,Coenagrionidae,Xanthocnemis,Xanthocnemis zealandica,XO,14
Odonata,Coenagrionidae,Zoniagrion,Zoniagrion exclamationis,XO,14
Odonata,Protoneuridae,Caconeura,Caconeura autumnalis,XO,13
Odonata,Protoneuridae,Epipleoneura,Epipleoneura sp.,XO,14
Odonata,Protoneuridae,Protoneura,Protoneura rubriventris,XO,14
Odonata,Aeshnidae,Aeshna,Aeshna cf. unicolor,XO,14
Odonata,Aeshnidae,Gynacantha,Gynacantha milliardi,XO,13
Odonata,Aeshnidae,Gynacantha,Gynacantha milliardi,XO,14
Odonata,Aeshnidae ,Remartinia,Remartinia luteipennis ,XO,14
Odonata,Calopterygidae,Mnais,Mnais strigata,XO,13
Odonata,Chlorocyphidae,Rhinocypha,Rhinocypha unimaculata,XO,12
Odonata,Coenagrionidae,Ceratura,Ceratura capreola,XO,14
Odonata,Coenagrionidae,Coenagrion,Coenagrion sp.,XO,14
Odonata,Coenagrionidae,Enallagma,Enallagma cheliferum,XO,14
Odonata,Coenagrionidae,Ischnura,Ischnura cf. ultima,XO,14
Odonata,Coenagrionidae,Ischnura,Ischnura inarmata,XO,14
Odonata,Coenagrionidae,Neogomphus,Neogomphus modestus,XO,12
Odonata,Coenagrionidae,Neoneura,Neoneura rubriventris,XO,14
Odonata,Coenagrionidae ,Paracercion,Paracercion calamorum,XO,14
Odonata,Corduliidae,Epitheca,Epitheca princeps,XO,13
Odonata,Gomphidae,Davidius,Davidius zallorensis,XO,12
Odonata,Gomphidae,Gomphoides,Gomphoides sp.,XO,12
Odonata,Gomphidae,Phyllocycla,Phyllocycla sp.,XO,12
Odonata,Gomphidae ,Erpetogomphus,Erpetogomphus eutainia,XO,12
Odonata,Gomphidae ,Gomphus,Gomphus graslinii,XO,12
Odonata,Gomphidae ,Ophiogomphus,Ophiogomphus serpentinus,XO,12
Odonata,Gomphidae ,Phanogomphus,Phanogomphus exilis,XO,12
Odonata,Gomphidae ,Phanogomphus,Phanogomphus kurilis,XO,12
Odonata,Libellulidae,Cannacria,Cannacria elisa,XO,13
Odonata,Libellulidae,Cannacria,Cannacria fasciata,XO,13
Odonata,Libellulidae,Erythrodiplax,Erythrodiplax atroterminata,XO,7
Odonata,Libellulidae,Erythrodiplax,Erythrodiplax pallida,XO,13
Odonata,Libellulidae,Macrothemis,Macrothemis sp.,XO,13
Odonata,Libellulidae,Micrathyria,Micrathyria cf. eximia,XO,11
Odonata,Libellulidae,Micrathyria,Micrathyria hypodidyma,XO,13
Odonata,Libellulidae,Micrathyria,Micrathyria sp.,XO,12
Odonata,Libellulidae,Orthetrum,Orthetrum iuzonicum,XO,12
Odonata,Libellulidae,Palpopleura,Palpopleura portia,XO,13
Odonata,Libellulidae,Perithemis,Perithemis sp.,XO,13
Odonata,Libellulidae,Sympetrum,Sympetrum illotum,XO,13
Odonata,Libellulidae,Trithemis,Trithemis grouti,XO,13
Odonata,Petaluridae,Tanypteryx,Tanypteryx pryeri,XO,9
Odonata,Platycnemididae,Elattoneura,Elattoneura atkinsoni,XO,13
Odonata,Platycnemididae ,Igneocnemis,Igneocnemis incisa,XO,13
Odonata,Platycnemididae ,Pseudocopera,Pseudocopera annulata,XO,13
Odonata,Protoneuridae,Epipleoneura,Epipleoneura sp.,XO,14
Odonata,Pseudostigmatidae,Mecistogaster,Mecistogaster sp. 1,XO,15
Odonata,Aeshnidae,Gynacantha,Gynacantha hyalina,XX*,14
Odonata,Gomphidae,Ophiogomphus,Ophiogomphus cecilia,XX*,12
Odonata,Corduliidae,Somatochlora,Somatochlora metallica,XX*,13
Odonata,Libellulidae,Leucorrhinia,Leucorrhinia dubia,XX*,13
Odonata,Libellulidae,Leucorrhinia,Leucorrhinia pectoralis,XX*,13
Odonata,Coenagrionidae,Argia,Argia funebris,XX*,14
Odonata,Coenagrionidae,Nehalennia,Nehalennia speciosa,XX*,14
Odonata,Coenagrionidae,Pyrrhosoma,Pyrrhosoma nymphula,XX*,14
Odonata,Libellulidae,Micrathyria,Micrathyria ungulata,XXY,11
Odonata,Aeshnidae,Aeshna,Aeshna caerulea,XY,12
Odonata,Aeshnidae,Aeshna,Aeshna grandis,XY,13
Odonata,Aeshnidae,Aeshna,Aeshna juncea,XY,13
Odonata,Aeshnidae,Aeshna,Aeshna serrata,XY,13
Odonata,Aeshnidae,Aeshna,Aeshna viridis,XY,13
Odonata,Aeshnidae,Anax,Anax ephippiger,XY,7
Odonata,Aeshnidae,Caliaeschna,Caliaeschna microstigma,XY,8
Odonata,Aeshnidae,Gynacantha,Gynacantha interioris,XY,13
Odonata,Aeshnidae,Rhionaeschna,Rhionaeschna bonariensis,XY,13
Odonata,Aeshnidae,Rhionaeschna,Rhionaeschna planaltica,XY,8
Odonata,Gomphidae,Nychogomphus,Nychogomphus duaricus,XY,11
Odonata,Gomphidae,Onychogomphus,Onychogomphus forcipatus,XY,11
Odonata,Gomphidae,Onychogomphus,Onychogomphus saundersi,XY,11
Odonata,Gomphidae,Stylurus,Stylurus townesi,XY,11
Odonata,Corduliidae,Dorocordulia,Dorocordulia libera,XY,7
Odonata,Libellulidae,Crocothemis,Crocothemis servilia,XY,12
Odonata,Libellulidae,Elasmothemis,Elasmothemis williamsoni,XY,11
Odonata,Libellulidae,Erythrodiplax,Erythrodiplax media,XY,11
Odonata,Libellulidae,Erythrodiplax,Erythrodiplax minuscula,XY,11
Odonata,Libellulidae,Macrothemis,Macrothemis hemichlora,XY,3
Odonata,Libellulidae,Micrathyria,Micrathyria longifasciata,XY,12
Odonata,Libellulidae,Neurothemis,Neurothemis tullia,XY,14
Odonata,Libellulidae,Orthemis,Orthemis aequilibris ,XY,6
Odonata,Libellulidae,Orthemis,Orthemis ambinigra,XY,6
Odonata,Libellulidae,Orthemis,Orthemis ferruginea,XY,5
Odonata,Libellulidae,Orthemis,Orthemis levis,XY,3
Odonata,Libellulidae,Orthemis,Orthemis levis,XY,4
Odonata,Libellulidae,Pseudothemis,Pseudothemis zonata,XY,12
Odonata,Coenagrionidae,Leptagrion,Leptagrion macrurum,XY,15
Odonata,Coenagrionidae,Mecistogaster,Mecistogaster sp. 2,XY,6
Odonata,Aeshnidae,Rhionaeschna,Rhionaeschna sp.,XY,13
Odonata,Aeshnidae,Rhionaeschna,Rhionaeschna cornigera,XY,8
Odonata,Corduliidae,Corduliochlora,Corduliochlora borisi,XY,10
Odonata,Libellulidae,Erythrodiplax,Erythrodiplax media,XY,11
Odonata,Pseudostigmatidae,Mecistogaster,Mecistogaster sp. 2,XY,6